No,Title,Suggested Duration,Address,Ratings,Transport
0,National Gallery,Suggested Duration:2-3 hours,"Trafalgar Square, London WC2N 5DN England",4.5,"['Charing Cross', 'Leicester Square', 'Rental Cars']"
1,Churchill War Rooms,Suggested Duration:1-2 hours,"King Charles Street, Clive Steps Westminster, London SW1A 2AQ England",4.5,"['Charing Cross', 'Embankment', 'Rental Cars']"
2,The British Museum,Suggested Duration:2-3 hours,"Great Russell Street, London WC1B 3DG England",4.5,"['Tottenham Court Road', 'Russell Square', 'Rental Cars']"
3,V&A - Victoria and Albert Museum,Suggested Duration:2-3 hours,"Cromwell Road, London SW7 2RL England",4.5,"['Gloucester Road', 'Knightsbridge', 'Rental Cars']"
4,Natural History Museum,Suggested Duration:More than 3 hours,"Cromwell Road South Kensington, London SW7 5BD England",4.5,"['Gloucester Road', 'Knightsbridge', 'Rental Cars']"
5,Wallace Collection,Suggested Duration:Not Available,"Hertford House Manchester Square Manchester Square, London W1U 3BN England",4.5,"['Bond St', 'Marble Arch', 'Rental Cars']"
6,Emirates Stadium Tour and Museum,Suggested Duration:1-2 hours,"75 Drayton Park Emirates Stadium, London N5 1BU England",4.5,"['Arsenal', 'Holloway Road', 'Rental Cars']"
7,The Charterhouse,Suggested Duration:1-2 hours,"The Charterhouse Charterhouse Square, London EC1M 6AN England",5,"['Barbican', 'Farringdon', 'Rental Cars']"
8,Wimbledon Lawn Tennis Museum,Suggested Duration:Not Available,"Church Road, Wimbledon All England Lawn Tennis and Croquet Club, London SW19 5AG England",Ratings Not Available,"['Putney Bridge', 'Morden', 'Rental Cars']"
9,The Courtauld Gallery,Suggested Duration:1-2 hours,"Somerset House Strand Somerset House, London WC2R 0RN England",4.5,"['Temple', 'Covent Garden', 'Rental Cars']"
10,Museum of London Docklands,Suggested Duration:2-3 hours,"1 The Warehouse Hertsmere Road, London E14 4AL England",4.5,"['West India Quay', 'Westferry', 'Rental Cars']"
11,House of Minalima,Suggested Duration:Not Available,"26 Greek Street, London W1D 5DE England",Ratings Not Available,"['Leicester Square', 'Tottenham Court Road', 'Rental Cars']"
12,The Magic Circle,Suggested Duration:Not Available,"12 Stephenson Way, London NW1 2HD England",4.5,"['Euston Square', 'London Euston', 'Rental Cars']"
13,Royal Hospital Chelsea,Suggested Duration:1-2 hours,"Royal Hospital Road, London SW3 4SR England",4.5,"['Knightsbridge', 'Hyde Park Corner', 'Rental Cars']"
14,The Museum of the Order of St John,Suggested Duration:Not Available,"St John_s Gate, St John_s Lane Clerkenwell, London EC1M 4DA England",4.5,"['Farringdon', 'Barbican', 'Rental Cars']"
15,Museum of Brands,Suggested Duration:1-2 hours,"111-117 Lancaster Road Notting Hill, London W11 1QT England",4.5,"['Ladbroke Grove', 'Latimer Road', 'Rental Cars']"
16,Lord's Cricket Ground,Suggested Duration:Not Available,"Lords Cricket Ground St. Johns Wood Road, London NW8 8QN England",4.5,"[""St. John's Wood"", 'Maida Vale', 'Rental Cars']"
17,Two Temple Place,Suggested Duration:Not Available,"2 Temple Place, London WC2R 3BD England",4.5,"['Temple', 'Blackfriars', 'Rental Cars']"
18,British Library,Suggested Duration:1-2 hours,"96 Euston Road, London NW1 2DB England",4.5,"[""King's Cross St. Pancras"", 'Euston', 'Rental Cars']"
19,Grant Museum of Zoology,Suggested Duration:Not Available,"21 University Street, London WC1E 6DE England",4.5,"['Euston Square', 'Warren St', 'Rental Cars']"
20,Freemasons' Hall,Suggested Duration:1-2 hours,"Freemasons Hall 60 Great Queen Street Covent Garden, London WC2B 5AZ England",4.5,"['Holborn', 'Covent Garden', 'Rental Cars']"
21,Royal Air Force Museum London,Suggested Duration:More than 3 hours,"Grahame Park Way, London NW9 5LL England",4.5,"['Colindale', 'Burnt Oak', 'Rental Cars']"
22,HMS Belfast,Suggested Duration:Not Available,"The Queen's Walk, London SE1 2JH England",4.5,"['London Bridge', 'Tower Hill', 'Rental Cars']"
23,National Portrait Gallery,Suggested Duration:2-3 hours,"Charing Cross Road 2 St. Martin's Place, London WC2H 0HE England",4.5,"['Charing Cross', 'Leicester Square', 'Rental Cars']"
24,London Mithraeum,Suggested Duration:Not Available,"12 Walbrook, London EC4N 8AA England",Ratings Not Available,"['Cannon St', 'Bank', 'Rental Cars']"
25,Petrie Museum of Egyptian Archaeology,Suggested Duration:Not Available,"University College London, Malet Place, London WC1E 6BT England",Ratings Not Available,"['Euston Square', 'Warren St', 'Rental Cars']"
26,Sir John Soane's Museum,Suggested Duration:Not Available,"13 Lincoln's Inn Fields Holborn, London WC2A 3BP England",4.5,"['Holborn', 'Chancery Lane', 'Rental Cars']"
27,Madame Tussauds London,Suggested Duration:2-3 hours,"Marylebone Road, London NW1 5LR England",4,"['Baker St', ""Regent's Park"", 'Rental Cars']"
28,Novelty Automation,Suggested Duration:1-2 hours,"1A Princeton Street, London WC1R 4AX England",4.5,"['Holborn', 'Chancery Lane', 'Rental Cars']"
29,Imperial War Museums,Suggested Duration:Not Available,"Lambeth Road, London SE1 6HZ England",4.5,"['Waterloo', 'Southwark', 'Rental Cars']"
30,Handel & Hendrix in London,Suggested Duration:1-2 hours,"25 Brook Street Mayfair, London W1K 4HB England",4,"['Bond St', 'Oxford Circus', 'Rental Cars']"
31,BODY WORLDS London,Suggested Duration:2-3 hours,"1 Piccadilly Circus Piccadilly Circus, London W1J 0DA England",4.5,"['Piccadilly Circus', 'Leicester Square', 'Rental Cars']"
32,All Hallows By The Tower,Suggested Duration:< 1 hour,"Byward Street, London EC3R 5BJ England",4.5,"['Tower Hill', 'Tower Gateway', 'Rental Cars']"
33,Charles Dickens Museum,Suggested Duration:1-2 hours,"Charles Dickens Museum 48 Doughty Street, London WC1N 2LX England",4.5,"['Russell Square', 'Chancery Lane', 'Rental Cars']"
34,Tate Britain,Suggested Duration:1-2 hours,"Millbank, London SW1P 4RG England",4.5,"['Waterloo', 'Embankment', 'Rental Cars']"
35,Museum of London,Suggested Duration:2-3 hours,"150 London Wall, London EC2Y 5HN England",4.5,"[""St. Paul's"", 'Barbican', 'Rental Cars']"
36,Guildhall Art Gallery,Suggested Duration:Not Available,"Guildhall Yard, London EC2V 5AE England",Ratings Not Available,"['Bank', 'Bank', 'Rental Cars']"
37,"The Viktor Wynd Museum of Curiosities, Fine Art & UnNatural History",Suggested Duration:Not Available,"11 Mare Street, London E8 4RP England",4.5,"['Cambridge Heath', 'London Fields', 'Rental Cars']"
38,Wesley's Chapel & Museum of Methodism,Suggested Duration:< 1 hour,"49 City Road, London EC1Y 1AU England",4.5,"['Old St', 'Moorgate', 'Rental Cars']"
39,Freud Museum,Suggested Duration:Not Available,"20 Maresfield Gardens, London NW3 5SX England",4.5,"['Finchley Road', 'Finchley Road & Frognal', 'Rental Cars']"
40,Jewish Museum,Suggested Duration:1-2 hours,"129-131 Albert Street Camden Town, London NW1 7NB England",4.5,"['Camden Town', 'Mornington Crescent', 'Rental Cars']"
41,The Fan Museum,Suggested Duration:Not Available,"12 Crooms Hill, London SE10 8ER England",4.5,"['North Greenwich', 'Canary Wharf', 'Rental Cars']"
42,Wellcome Collection,Suggested Duration:2-3 hours,"183 Euston Road, London NW1 2BE England",4.5,"['Euston Square', 'London Euston', 'Rental Cars']"
43,Apsley House,Suggested Duration:1-2 hours,"Apsley House 149 Piccadilly Hyde Park Corner, London W1J 7NT England",4.5,"['Hyde Park Corner', 'Knightsbridge', 'Rental Cars']"
44,Banqueting House,Suggested Duration:1-2 hours,"Whitehall Palace Whitehall Horse Guards Avenue, London SW1A 2ER England",4.5,"['Charing Cross', 'Embankment', 'Rental Cars']"
45,Cutty Sark,Suggested Duration:Not Available,"King William Walk Greenwich, London SE10 9HT England",Ratings Not Available,"['North Greenwich', 'Canary Wharf', 'Rental Cars']"
46,Dulwich Picture Gallery,Suggested Duration:Not Available,"14 Gallery Road Dulwich Village, London SE21 7AD England",4.5,"['London Bridge', 'Southwark', 'Rental Cars']"
47,Kenwood House,Suggested Duration:Not Available,"Kenwood House Hampstead Lane, London NW3 7JR England",4.5,"['Golders Green', 'Hampstead Heath', 'Rental Cars']"
48,Somerset House,Suggested Duration:1-2 hours,"The Strand, London WC2R 1LA England",4.5,"['Temple', 'Covent Garden', 'Rental Cars']"
49,Queen's House,Suggested Duration:< 1 hour,"Romney Road Greenwich, London SE10 9NF England",4.5,"['North Greenwich', 'Canary Wharf', 'Rental Cars']"
50,Leighton House Museum,Suggested Duration:1-2 hours,"12 Holland Park Road Kensington, London W14 8LZ England",4.5,"['Kensington,Olympia', 'Kensington (Olympia)', 'Rental Cars']"
51,Twinings,Suggested Duration:< 1 hour,"216 Strand, London WC2R 1AP England",4.5,"['Temple', 'Chancery Lane', 'Rental Cars']"
52,Horniman Museum and Gardens,Suggested Duration:More than 3 hours,"100 London Road Forest Hill, London SE23 3PQ England",4.5,"['Wapping', 'London Bridge', 'Rental Cars']"
53,The Household Cavalry Museum,Suggested Duration:Not Available,"Horse Guards Whitehall, London SW1A 2AX England",4.5,"['Charing Cross', 'Embankment', 'Rental Cars']"
54,The Postal Museum,Suggested Duration:1-2 hours,"15-20 Phoenix Place, London WC1X 0DA England",4.5,"['Russell Square', 'Chancery Lane', 'Rental Cars']"
55,Museum of the Home,Suggested Duration:1-2 hours,"136 Kingsland Road, London E2 8EA England",4.5,"['Hoxton', 'Haggerston', 'Rental Cars']"
56,Fenton House,Suggested Duration:Not Available,"Fenton House Cottage Windmill Hill Hampstead, London NW3 6RT England",Ratings Not Available,"['Hampstead', 'South Hampstead', 'Rental Cars']"
57,The London Film Museum - Covent Garden,Suggested Duration:< 1 hour,"45 Wellington Street, London WC2E 7BN England",4.5,"['Covent Garden', 'Leicester Square', 'Rental Cars']"
58,Graffik Gallery,Suggested Duration:Not Available,"284 Portobello Road, London W10 5TE England",5,"['Ladbroke Grove', 'Westbourne Park', 'Rental Cars']"
59,National Maritime Museum,Suggested Duration:2-3 hours,"Park Row Greenwich Peninsula, London SE10 9NF England",4,"['North Greenwich', 'Canary Wharf', 'Rental Cars']"
60,Golden Hinde,Suggested Duration:< 1 hour,"St. Mary Overies Dock Cathedral Street Cathedral St., London SE1 9DE England",4.5,"['London Bridge', 'Monument', 'Rental Cars']"
61,Bank of England Museum,Suggested Duration:1-2 hours,"1 Bartholomew Lane, London EC2N 8AH England",4.5,"['Bank', 'Bank', 'Rental Cars']"
62,Royal Academy of Arts,Suggested Duration:Not Available,"Burlington House Piccadilly Piccadilly, London W1J 0BD England",4.5,"['Green Park', 'Piccadilly Circus', 'Rental Cars']"
63,The Foundling Museum,Suggested Duration:1-2 hours,"40 Brunswick Square, London WC1N 1AZ England",4.5,"['Russell Square', ""King's Cross St. Pancras"", 'Rental Cars']"
64,The Queen's Gallery,Suggested Duration:Not Available,"Buckingham Palace Road, London SW1A 1AA England",4,"['Hyde Park Corner', 'Green Park', 'Rental Cars']"
65,Florence Nightingale Museum,Suggested Duration:1-2 hours,"Gassiott House 2 Lambeth Palace Road Gassiott House, St. Thomas' Hospital, London SE1 7EW England",4,"['Waterloo', 'Embankment', 'Rental Cars']"
66,Newport Street Gallery,Suggested Duration:< 1 hour,"1 Newport Street, London SE11 6AJ England",4.5,"['Waterloo', 'Southwark', 'Rental Cars']"
67,Clink Prison Museum,Suggested Duration:Not Available,"Clink Prison Museum Soho Wharf 1 Clink Street Clink Prison Museum Soho Wharf, London SE1 9DG England",Ratings Not Available,"['London Bridge', 'Cannon St', 'Rental Cars']"
68,The Guards Museum,Suggested Duration:< 1 hour,"Wellington Barracks Birdcage Walk Birdcage Walk, London SW1E 6HQ England",4.5,"['Green Park', 'Hyde Park Corner', 'Rental Cars']"
69,Tate Modern,Suggested Duration:1-2 hours,"53 Bankside, London SE1 9TG England",4,"['Blackfriars', 'Southwark', 'Rental Cars']"
70,Royal Observatory Greenwich,Suggested Duration:Not Available,"Blackheath Avenue, London SE10 8EJ England",4,"['North Greenwich', 'Canary Wharf', 'Rental Cars']"
71,Peter Harrison Planetarium,Suggested Duration:Not Available,"Greenwich at the National Maritime Museum, London SE10 9NF England",Ratings Not Available,"['North Greenwich', 'Canary Wharf', 'Rental Cars']"
72,Saatchi Gallery,Suggested Duration:2-3 hours,"King's Road Duke of York's HQ, London SW3 4RY England",4.5,"['Knightsbridge', 'Hyde Park Corner', 'Rental Cars']"
73,Barbican Centre,Suggested Duration:Not Available,"Silk Street Barbican Centre, London EC2Y 8DS England",4,"['Barbican', 'Moorgate', 'Rental Cars']"
74,London Canal Museum,Suggested Duration:1-2 hours,"12-13 New Wharf Road Kings Cross, London N1 9RT England",4,"[""King's Cross St. Pancras"", 'Caledonian Road & Barnsbury', 'Rental Cars']"
75,Dennis Severs' House,Suggested Duration:Not Available,"18 Folgate Street Liverpool Street Tube, London E1 6BX England",4,"['Shoreditch High St', 'Liverpool St', 'Rental Cars']"
76,Horse Guards Building,Suggested Duration:Not Available,"Horse Guards Whitehall, London SW1A 2AX England",Ratings Not Available,"['Charing Cross', 'Embankment', 'Rental Cars']"
77,Mall Galleries,Suggested Duration:1-2 hours,"The Mall near Trafalgar Square, London SW1Y 5BD England",4.5,"['Charing Cross', 'Piccadilly Circus', 'Rental Cars']"
78,Serpentine Galleries,Suggested Duration:1-2 hours,"Kensington Gardens, London W2 3XA England",4,"['Lancaster Gate', 'Paddington', 'Rental Cars']"
79,Science Museum,Suggested Duration:2-3 hours,"Exhibition Road South Kensington, London SW7 2DD England",4,"['Gloucester Road', 'Knightsbridge', 'Rental Cars']"
80,Dr. Johnson's House,Suggested Duration:1-2 hours,"17 Gough Square, London EC4A 3DE England",4,"['Chancery Lane', 'Blackfriars', 'Rental Cars']"
81,London Transport Museum,Suggested Duration:1-2 hours,"39 Wellington Street Covent Garden Piazza, London WC2E 7BB England",4,"['Covent Garden', 'Leicester Square', 'Rental Cars']"
82,Museum of Freemasonry,Suggested Duration:1-2 hours,"Freemasons Hall 60 Great Queen Street Freemasons' Hall, London WC2B 5AZ England",4.5,"['Holborn', 'Covent Garden', 'Rental Cars']"
83,V&A Museum of Childhood,Suggested Duration:Not Available,"Cambridge Heath Road, London E2 9PA England",4,"['Bethnal Green', 'Bethnal Green', 'Rental Cars']"
84,Marylebone,Suggested Duration:Not Available,"73, London England",Ratings Not Available,"['Bond St', ""Regent's Park"", 'Rental Cars']"
85,National Army Museum,Suggested Duration:1-2 hours,"Royal Hospital Road Chelsea, London SW3 4HT England",4,"['Knightsbridge', 'Gloucester Road', 'Rental Cars']"
86,The Cartoon Museum,Suggested Duration:1-2 hours,"63 Wells Street, London W1T 3PT England",4,"['Oxford Circus', 'Goodge St', 'Rental Cars']"
87,The London Dungeon,Suggested Duration:Not Available,"Westminster Bridge Road County Hall, London SE1 7PB England",4,"['Waterloo', 'Embankment', 'Rental Cars']"
88,Jack the Ripper Museum,Suggested Duration:1-2 hours,"12 Cable Street, London E1 8JG England",4,"['Gallions Reach', 'Cyprus', 'Rental Cars']"
89,Estorick Collection of Modern Italian Art,Suggested Duration:Not Available,"39A Canonbury Square Northampton Lodge, London N1 2AN England",4.5,"['Highbury & Islington', 'Highbury & Islington', 'Rental Cars']"
90,Queen Elizabeth II Great Court,Suggested Duration:Not Available,London England,4.5,"['Tottenham Court Road', 'Holborn', 'Rental Cars']"
91,Burgh House & Hampstead Museum,Suggested Duration:Not Available,"Burgh House New End Square Hampstead, London NW3 1LT England",4.5,"['South Hampstead', 'Hampstead', 'Rental Cars']"
92,The Cinema Museum,Suggested Duration:Not Available,"2 Dugard Way, London SE11 4TH England",4.5,"['Southwark', 'Waterloo', 'Rental Cars']"
93,London Transport Museum Depot,Suggested Duration:2-3 hours,"2 Museum Way 118-120 Gunnersbury Lane, London W3 9BQ England",4.5,"['Acton Town', 'Ealing Common', 'Rental Cars']"
94,Photographers' Gallery,Suggested Duration:Not Available,"16-18 Ramillies Street, London W1F 7LW England",Ratings Not Available,"['Oxford Circus', 'Tottenham Court Road', 'Rental Cars']"
95,Fashion and Textile Museum,Suggested Duration:1-2 hours,"83 Bermondsey Street, London SE1 3XF England",4,"['London Bridge', 'Tower Hill', 'Rental Cars']"
96,The Design Museum,Suggested Duration:Not Available,"238 Kensington High Street, London W8 6AG England",Ratings Not Available,"['High St Kensington', 'Kensington,Olympia', 'Rental Cars']"
97,Fulham Palace,Suggested Duration:Not Available,"Fulham Palace Bishops Avenue Fulham, London SW6 6EA England",4,"['Putney Bridge', 'Parsons Green', 'Rental Cars']"
98,Queen’s Diamond Jubilee Galleries,Suggested Duration:Not Available,"20 Deans Yard Westminster Abbey, London SW1P 3PA England",Ratings Not Available,"['Charing Cross', 'Embankment', 'Rental Cars']"
99,Bankside Gallery,Suggested Duration:Not Available,"48 Hopton Street, London SE1 9JH England",Ratings Not Available,"['Blackfriars', 'Southwark', 'Rental Cars']"
100,Vagina Museum,Suggested Duration:< 1 hour,"Unit 17 & 18, Stables Market, Chalk Farm Road, London NW1 8AH England",4.5,"['Camden Town', 'Kentish Town West', 'Rental Cars']"
101,City of London Police Museum,Suggested Duration:Not Available,"2 Aldermanbury, London EC2V 7HH England",Ratings Not Available,"['Moorgate', ""St. Paul's"", 'Rental Cars']"
102,Ragged School Museum,Suggested Duration:Not Available,"46-50 Copperfield Road, London E3 4RR England",Ratings Not Available,"['Mile End', 'Limehouse', 'Rental Cars']"
103,Halcyon Gallery,Suggested Duration:Not Available,"144-146 New Bond Street, London W1S 2TR England",Ratings Not Available,"['Oxford Circus', 'Bond St', 'Rental Cars']"
104,Japan House London,Suggested Duration:2-3 hours,"101-111 Kensington High Street, London W8 5SA England",4.5,"['High St Kensington', 'Notting Hill Gate', 'Rental Cars']"
105,Brunel Museum,Suggested Duration:2-3 hours,"Brunel Engine House Railway Avenue Rotherhithe, London SE16 4LF England",3.5,"['Wapping', 'Beckton Park', 'Rental Cars']"
106,Saint Bartholomew's Hospital Museum,Suggested Duration:< 1 hour,"Giltspur Street West Smithfield, London EC1A 7BE England",4.5,"[""St. Paul's"", 'Barbican', 'Rental Cars']"
107,Alexander Fleming Laboratory Museum,Suggested Duration:Not Available,"Praed Street St Mary's Hospital, London W2 England",4.5,"['Paddington', 'Edgware Road', 'Rental Cars']"
108,Gunnersbury Park & Museum,Suggested Duration:1-2 hours,"Gunnersbury Park Popes Lane, London W5 4NH England",4,"['Acton Town', 'Ealing Common', 'Rental Cars']"
109,The Institution of Civil Engineers Visitor Centre,Suggested Duration:1-2 hours,"One Great George Street, Westminster, London SW1P 3AA England",5,"['Charing Cross', 'Embankment', 'Rental Cars']"
110,Hayward Gallery,Suggested Duration:Not Available,"Hayward Gallery Belvedere Road South Bank Centre, London SE1 8XZ England",4,"['Waterloo', 'Embankment', 'Rental Cars']"
111,London Glassblowing,Suggested Duration:Not Available,"62-66 Bermondsey Street, London SE1 3UD England",4.5,"['London Bridge', 'Tower Hill', 'Rental Cars']"
112,Sherlock Holmes Museum,Suggested Duration:Not Available,"221B Baker Street, London NW1 6XE England",Ratings Not Available,"['Baker St', 'Marylebone', 'Rental Cars']"
113,Tutankhamun Exhibition,Suggested Duration:Not Available,"King's Road Saatchi Gallery, London SW3 4RY England",Ratings Not Available,"['Knightsbridge', 'Hyde Park Corner', 'Rental Cars']"
114,Sutton House,Suggested Duration:Not Available,"Sutton House 2-4 Homerton High Street, London E9 6JQ England",Ratings Not Available,"['Hackney Central', 'Homerton', 'Rental Cars']"
115,White Cube Gallery,Suggested Duration:Not Available,"144 _ 152 Bermondsey Street, London SE1 3TQ England",Ratings Not Available,"['London Bridge', 'Tower Hill', 'Rental Cars']"
116,Royal College of Physicians,Suggested Duration:1-2 hours,"11 St. Andrews Place Regent's Park, London NW1 4LE England",4.5,"['Great Portland St', ""Regent's Park"", 'Rental Cars']"
117,Whitechapel Gallery,Suggested Duration:Not Available,"77-82 Whitechapel High Street, London E1 7QX England",3.5,"['Aldgate East', 'Aldgate', 'Rental Cars']"
118,Cecil Court,Suggested Duration:Not Available,"Between Charing Cross Road & St. Martin's Lane, London England",Ratings Not Available,"['Leicester Square', 'Charing Cross', 'Rental Cars']"
119,Royal Institute of British Architects,Suggested Duration:Not Available,"66 Portland Place, London W1B 1AD England",Ratings Not Available,"[""Regent's Park"", 'Great Portland St', 'Rental Cars']"
120,Garden Museum,Suggested Duration:Not Available,"5 Lambeth Palace Road, London SE1 7LB England",3.5,"['Waterloo', 'Embankment', 'Rental Cars']"
121,Discover Children’s Story Centre,Suggested Duration:Not Available,"383-387 High Street Stratford, London E15 4QZ England",4,"['Stratford High St', 'Stratford', 'Rental Cars']"
122,Hang-Up Gallery,Suggested Duration:Not Available,"10D Branch Place, Regents Canal Hoxton, London N1 5PH England",5,"['Dalston Junction', 'Dalston Kingsland', 'Rental Cars']"
123,Meet Vincent Van Gogh,Suggested Duration:Not Available,"99 Upper Ground Bishop's, London SE1 9PP England",Ratings Not Available,"['Waterloo', 'Temple', 'Rental Cars']"
124,Crystal Palace Museum,Suggested Duration:Not Available,"Anerley Hill, London SE19 2BA England",Ratings Not Available,['Crystal Palace']
125,Vestry House Museum,Suggested Duration:Not Available,"Vestry Road, London E17 9NH England",Ratings Not Available,"['Walthamstow Central', 'Leyton Midland Road', 'Rental Cars']"
126,Pollock's Toy Museum & Shop,Suggested Duration:Not Available,"1 Scala Street, London W1T 2HL England",Ratings Not Available,"['Goodge St', 'Tottenham Court Road', 'Rental Cars']"
127,Hertford House,Suggested Duration:Not Available,"Hertford House Manchester Square, London W1U 3BN England",Ratings Not Available,"['Bond St', 'Marble Arch', 'Rental Cars']"
128,Royal London Hospital Museum,Suggested Duration:Not Available,"Newark Street, London E1 2AA England",Ratings Not Available,"['Whitechapel', 'Whitechapel', 'Rental Cars']"
129,Royal Academy of Music Museum,Suggested Duration:< 1 hour,"Marylebone Road, London NW1 5HT England",4.5,"[""Regent's Park"", 'Baker St', 'Rental Cars']"
130,The Chocolate Museum,Suggested Duration:< 1 hour,"187 Ferndale Road, London SW9 8BA England",4.5,"['Waterloo', 'Southwark', 'Rental Cars']"
131,Tower RNLI Lifeboat Station,Suggested Duration:1-2 hours,"Lifeboat Pier Victoria Embankment, London WC2R 2PP England",5,"['Temple', 'Embankment', 'Rental Cars']"
132,Prince Phillip Maritime Collections Centre,Suggested Duration:Not Available,"Nelson Mandela Way Kidbrooke, London England",Ratings Not Available,"['East Finchley', 'Highgate', 'Rental Cars']"
133,Victoria Miro Gallery,Suggested Duration:Not Available,"16 Wharf Road, London N1 7RW England",4.5,"['Old St', 'Barbican', 'Rental Cars']"
134,Unit London,Suggested Duration:Not Available,"3 Hanover Square, London W1S 1HD England",Ratings Not Available,"['Kensal Rise', 'Kensal Green', 'Rental Cars']"
135,Migration Museum,Suggested Duration:1-2 hours,"33a Lewisham Centre Molesworth Street, London SE13 7HB England",4.5,"['North Greenwich', 'Canary Wharf', 'Rental Cars']"
136,The Who Shop,Suggested Duration:Not Available,"39-41 Barking Road, London E6 1PY England",Ratings Not Available,"['Upton Park', 'East Ham', 'Rental Cars']"
137,The Painted Hall,Suggested Duration:Not Available,"King William Walk Old Royal Naval College, London SE10 9NN England",Ratings Not Available,"['North Greenwich', 'Canary Wharf', 'Rental Cars']"
138,Hauser & Wirth London,Suggested Duration:Not Available,"23 Savile Row, London W1S 2ET England",Ratings Not Available,"['Oxford Circus', 'Piccadilly Circus', 'Rental Cars']"
139,Dorich House Museum,Suggested Duration:1-2 hours,"67 Kingston Vale Kingston University, London SW15 3RN England",4.5,"['Richmond', 'Richmond', 'Rental Cars']"
140,"Ben Uri Gallery and Museum, London: Art, Identity, Migration",Suggested Duration:1-2 hours,"108A Boundary Road St John's Wood, London NW8 0RH England",4.5,"['Kilburn High Road', 'Kilburn Park', 'Rental Cars']"
141,The Wiener Library,Suggested Duration:1-2 hours,"29 Russell Square, London WC1B 5DP England",4.5,"['Russell Square', 'Goodge St', 'Rental Cars']"
142,DC Exhibition: Dawn of Superheroes,Suggested Duration:Not Available,"Peninsula Square The O2, London SE10 0DX England",Ratings Not Available,"['North Greenwich', 'East India', 'Rental Cars']"
143,The Faraday Museum,Suggested Duration:Not Available,"21 Albermarle Street, London England",Ratings Not Available,"['Green Park', 'Piccadilly Circus', 'Rental Cars']"
144,Walton Fine Arts,Suggested Duration:< 1 hour,"152-154 Walton Street, London SW3 2JJ England",5,"['Knightsbridge', 'Gloucester Road', 'Rental Cars']"
145,Store Street Gallery,Suggested Duration:Not Available,"32 Store Street, London WC1E 7BS England",Ratings Not Available,"['Goodge St', 'Tottenham Court Road', 'Rental Cars']"
146,Clarendon Gallery,Suggested Duration:Not Available,"46 Dover Street, London W1S 4FF England",Ratings Not Available,"['Green Park', 'Piccadilly Circus', 'Rental Cars']"
147,Kristin Hjellegjerde Gallery,Suggested Duration:Not Available,"2 Melior Place, London SE1 3SZ England",Ratings Not Available,"['London Bridge', 'Monument', 'Rental Cars']"
148,Stephen Friedman Gallery,Suggested Duration:Not Available,"A M F Building 25-28 Old Burlington Street, London W1S 3AN England",Ratings Not Available,"['Green Park', 'Piccadilly Circus', 'Rental Cars']"
149,SEAGER gallery,Suggested Duration:Not Available,"2 Mill Lane Distillery Tower, London England",Ratings Not Available,"['Kilburn', 'Brondesbury', 'Rental Cars']"
150,Medicine - The Wellcome Galleries,Suggested Duration:Not Available,"Exhibition Road, London SW7 2DD England",Ratings Not Available,"['Gloucester Road', 'Knightsbridge', 'Rental Cars']"
151,House of Illustration,Suggested Duration:1-2 hours,"2 Granary Square King's Cross, London N1C 4BH England",4,"[""King's Cross St. Pancras"", 'Caledonian Road & Barnsbury', 'Rental Cars']"
152,Hackney Museum,Suggested Duration:Not Available,"1 Reading Lane, London E8 1GQ England",Ratings Not Available,"['Hackney Central', 'London Fields', 'Rental Cars']"
153,Autograph,Suggested Duration:1-2 hours,"1 Rivington Place, London EC2A 3BA England",Ratings Not Available,"['Shoreditch High St', 'Old St', 'Rental Cars']"
154,Royal Opera Arcade Gallery,Suggested Duration:Not Available,Address Not Available,Ratings Not Available,"['Covent Garden', 'Leicester Square']"
155,Science Gallery London,Suggested Duration:1-2 hours,"Great Maze Pond, London SE1 9GU England",4,"['London Bridge', 'Monument', 'Rental Cars']"
156,MCC Cricket Museum,Suggested Duration:Not Available,"Lord's Ground St Johns Wood, London NW8 8QN England",Ratings Not Available,"[""St. John's Wood"", 'Maida Vale', 'Rental Cars']"
157,Sikorski Museum,Suggested Duration:Not Available,Address Not Available,5,['South Kensington']
158,Brunei Gallery,Suggested Duration:Not Available,"Soas 10 Thornhaugh Street, London WC1H 0XG England",Ratings Not Available,"['Russell Square', 'Goodge St', 'Rental Cars']"
159,Gagosian Gallery,Suggested Duration:Not Available,"6-24 Britannia Street, London WC1X 9JD England",Ratings Not Available,"['Bond St', 'Green Park', 'Rental Cars']"
161,Kirkaldy Testing Museum,Suggested Duration:Not Available,"99 Southwark Street, London SE1 0JF England",Ratings Not Available,"['Southwark', 'Blackfriars', 'Rental Cars']"
162,Institute of Contemporary Arts,Suggested Duration:Not Available,"The Mall, London SW1Y 5AH England",4,"['Charing Cross', 'Piccadilly Circus', 'Rental Cars']"
163,Richard Orlinski Gallery,Suggested Duration:Not Available,"106 New Bond Street, London W1S 1DN England",Ratings Not Available,"['Bond St', 'Oxford Circus', 'Rental Cars']"
164,Museum of Happiness,Suggested Duration:1-2 hours,"42 Acres, 66 Leonard Street Shoreditch, London England",4,"['Camden Town', 'Camden Road', 'Rental Cars']"
165,Richard Saltoun Gallery,Suggested Duration:Not Available,"41 Dover Street, London W1S 4NS England",Ratings Not Available,"['Green Park', 'Piccadilly Circus', 'Rental Cars']"
166,Tate Museum Of Contempory Art London,Suggested Duration:Not Available,"Tate Modern Bankside, London W11 1JR England",Ratings Not Available,"['Blackfriars', 'Southwark', 'Rental Cars']"
167,Genius Treasure Museum,Suggested Duration:< 1 hour,"All Hallows Church, 1 Pepper Street Entrance is the Church doors on Pepper Street SE1, London SE1 0EL England",5,"['Southwark', 'London Bridge', 'Rental Cars']"
168,The Tabernacle,Suggested Duration:1-2 hours,"The Tabernacle 34-35 Powis Square, London W11 2AY England",4,"['Westbourne Park', 'Ladbroke Grove', 'Rental Cars']"
169,Hogarth's House,Suggested Duration:Not Available,"Great West Rd Chiswick, London W4 2QN England",Ratings Not Available,"['Turnham Green', 'Chiswick Park', 'Rental Cars']"
170,Camden Arts Centre,Suggested Duration:Not Available,"Arkwright Road, London NW3 6DG England",4,"['Finchley Road & Frognal', 'Finchley Road', 'Rental Cars']"
171,Bruce Castle Museum,Suggested Duration:Not Available,"Bruce Castle Museum Lordship Lane, London N17 8NU England",Ratings Not Available,"['Tottenham Hale', 'Seven Sisters', 'Rental Cars']"
172,Museum of Comedy,Suggested Duration:Not Available,"St George's Church Bloomsbury Way, London WC1A 2SR England",4,"['Holborn', 'Tottenham Court Road', 'Rental Cars']"
173,The London Fire Brigade Museum,Suggested Duration:Not Available,"Winchester House 94A Southwark Bridge Road, London SE1 0EG England",Ratings Not Available,"['Southwark', 'London Bridge', 'Rental Cars']"
174,Now Gallery,Suggested Duration:Not Available,"The Gateway Pavilions Peninsula Square, London SE10 0SQ England",Ratings Not Available,"['North Greenwich', 'Blackwall', 'Rental Cars']"
175,Nunnery Gallery,Suggested Duration:Not Available,"183 Bow Road, London E3 2SJ England",Ratings Not Available,"['Bow Road', 'Bow Church', 'Rental Cars']"
176,The Building Centre,Suggested Duration:Not Available,"26 Store Street, London WC1E 7BT England",Ratings Not Available,"['Goodge St', 'Tottenham Court Road', 'Rental Cars']"
177,Van Gogh Exhibition,Suggested Duration:Not Available,"Royal Academy Piccadilly, London W1J 0BD England",Ratings Not Available,"['Green Park', 'Piccadilly Circus', 'Rental Cars']"
178,Parasol unit foundation for contemporary art,Suggested Duration:Not Available,"Foundation For Contemporary Art 14 Wharf Road, London N1 7RW England",Ratings Not Available,"['Old St', 'Barbican', 'Rental Cars']"
179,House of Vans,Suggested Duration:Not Available,"Arches 228 - 232 Station Approach Road, London SE1 8SW England",Ratings Not Available,"['Waterloo', 'Southwark', 'Rental Cars']"
180,Vintners' Hall,Suggested Duration:2-3 hours,"Vintners Hall 68 & a Half 68 Upper Thames Street, London EC4V 3BG England",4.5,"['Mansion House', 'Cannon St', 'Rental Cars']"
181,Greenwich Heritage Centre,Suggested Duration:Not Available,"Artillery Square Royal Arsenal, Woolwich, London SE18 4DX England",Ratings Not Available,"['Woolwich Arsenal', 'King George V', 'Rental Cars']"
182,Woolff Gallery,Suggested Duration:< 1 hour,"89 Charlotte Street Fitzrovia, London W1T 4PU England",4.5,"['Goodge St', 'Warren St', 'Rental Cars']"
183,Wimbledon Windmill Museum,Suggested Duration:Not Available,"Manor Cottage Windmill Road Wimbledon Common, London SW19 5NR England",Ratings Not Available,"['Putney Bridge', 'Morden', 'Rental Cars']"
184,I Am the Greatest - Muhammad Ali at The O2,Suggested Duration:Not Available,"The O2, London SE10 0DX England",Ratings Not Available,"['North Greenwich', 'East India', 'Rental Cars']"
185,Lights of Soho,Suggested Duration:Not Available,"35 Brewer Street, London W1F 0RX England",Ratings Not Available,"['Piccadilly Circus', 'Leicester Square', 'Rental Cars']"
186,"The House of Dreams, Stephen Wright",Suggested Duration:Not Available,"45 Melbourne Grove East Dulwich, London SE22 8RG England",Ratings Not Available,"['London Bridge', 'Wapping', 'Rental Cars']"
187,Design Centre,Suggested Duration:Not Available,"Lots Road Chelsea Harbour, London SW10 0XE England",Ratings Not Available,"['Fulham Broadway', 'Parsons Green', 'Rental Cars']"
188,Southbank Mosaics,Suggested Duration:Not Available,"73 Waterloo Road, London SE1 8UD England",Ratings Not Available,"['Waterloo', 'Southwark', 'Rental Cars']"
189,Tower Hill Pageant,Suggested Duration:Not Available,"Lower Thames Street, Lambeth, London England",Ratings Not Available,"['Monument', 'Cannon St', 'Rental Cars']"
190,Stern Pissarro Gallery,Suggested Duration:Not Available,"66 St. James's Street, London SW1A 1NE England",5,"['Green Park', 'Piccadilly Circus', 'Rental Cars']"
191,The Goldsmiths Company,Suggested Duration:Not Available,"Goldsmiths Hall 13 Foster Lane Goldsmiths' Hall, London EC2V 6BN England",4.5,"[""St. Paul's"", 'Mansion House', 'Rental Cars']"
192,The Clockmakers' Museum,Suggested Duration:Not Available,"805 Commercial Road 2ND Floor Gallery, London E14 7HG England",Ratings Not Available,"['Custom House for Excel', 'Westferry', 'Rental Cars']"
193,Royal Armories,Suggested Duration:Not Available,"White Tower HM Tower of London, London EC3N 4AB England",Ratings Not Available,"['Tower Hill', 'Tower Gateway', 'Rental Cars']"
194,Black Cultural Archives,Suggested Duration:Not Available,"1 Windrush Square Brixton, London SW2 1EF England",Ratings Not Available,"['Waterloo', 'Southwark', 'Rental Cars']"
195,Skylark Galleries,Suggested Duration:Not Available,"56 Upper Ground Studio 5, Gabriel’s Wharf, London SE1 9PP England",Ratings Not Available,"['Temple', 'Southwark', 'Rental Cars']"
196,BDA Dental Museum,Suggested Duration:Not Available,"64 Wimpole Street, London W1G 8YS England",Ratings Not Available,"['Bond St', ""Regent's Park"", 'Rental Cars']"
197,Three Colt Gallery,Suggested Duration:Not Available,"82 Three Colt Street, London E14 8AP England",Ratings Not Available,"['Westferry', 'Custom House for Excel', 'Rental Cars']"
198,The Metropolitan Police Heritage Centre,Suggested Duration:Not Available,"Lillie Road The Annexe, Empress State Building, London SW6 1TR England",Ratings Not Available,"['West Brompton', 'West Brompton', 'Rental Cars']"
199,South London Gallery,Suggested Duration:Not Available,"65-67 Peckham Road, London SE5 8UH England",4,"['London Bridge', 'Wapping', 'Rental Cars']"
200,Abbott & Holder,Suggested Duration:Not Available,"30 Museum Street, London WC1A 1LH England",4.5,"['Tottenham Court Road', 'Holborn', 'Rental Cars']"
201,London Sewing Machine Museum,Suggested Duration:Not Available,"292-312 Balham High Road, London SW17 7AA England",Ratings Not Available,"['Morden', 'Putney Bridge', 'Rental Cars']"
202,Islington Museum,Suggested Duration:Not Available,"245 St. John Street, London EC1V 4NB England",Ratings Not Available,"['Farringdon', 'Barbican', 'Rental Cars']"
203,Thames River Police Museum,Suggested Duration:Not Available,"Wapping Police Station 98 Wapping High Street Wapping Police Station, London E1W 2NE England",Ratings Not Available,"['Wapping', 'Cyprus', 'Rental Cars']"
204,British Optical Association Museum,Suggested Duration:Not Available,"41-42 Craven Street, London WC2N 5NG England",Ratings Not Available,"['Charing Cross', 'Embankment', 'Rental Cars']"
205,The Mosaic Rooms,Suggested Duration:Not Available,"Tower House 226 Cromwell Road, London SW5 0SW England",4,"[""Earl's Court"", 'High St Kensington', 'Rental Cars']"
206,Markfield Beam Engine Museum,Suggested Duration:Not Available,"Markfield Road, London N15 4RB England",Ratings Not Available,"['South Tottenham', 'Tottenham Hale', 'Rental Cars']"
207,Society of Antiquaries of London,Suggested Duration:Not Available,"Burlington House Piccadilly Piccadilly, London W1J 0BE England",Ratings Not Available,"['Green Park', 'Piccadilly Circus', 'Rental Cars']"
208,Lisson Gallery,Suggested Duration:Not Available,"52-54 Bell Street, London NW1 5BU England",4,"['Edgware Road', 'Marylebone', 'Rental Cars']"
209,The Antique Breadboard Museum,Suggested Duration:1-2 hours,"Lifford Street, London SW15 1NY England",5,"['Putney Bridge', 'Parsons Green', 'Rental Cars']"
210,Creekside Discovery Centre,Suggested Duration:Not Available,"14 Creekside Deptford, London SE8 4SA England",Ratings Not Available,"['Canary Wharf', 'Canary Wharf', 'Rental Cars']"
211,The British Vintage Wireless and Television Museum,Suggested Duration:Not Available,"23 Rosendale Road West Dulwich, London SE21 8DS England",Ratings Not Available,"['Morden', 'Southwark', 'Rental Cars']"
212,The William Morris Society,Suggested Duration:< 1 hour,"26 Upper Mall Hammersmith, London W6 9TA England",4,"['Ravenscourt Park', 'Hammersmith', 'Rental Cars']"
213,The Linnean Society of London,Suggested Duration:1-2 hours,"Burlington House Piccadilly Piccadilly, London W1J 0BF England",5,"['Green Park', 'Piccadilly Circus', 'Rental Cars']"
214,The Noble Sage Art Collection & Art Tours,Suggested Duration:2-3 hours,"2A Fortis Green Arkley, Barnet, London N2 9EL England",5,"['East Finchley', 'Highgate', 'Rental Cars']"
215,Lazinc gallery,Suggested Duration:Not Available,"29 Sackville Street, London W1S 3DX England",Ratings Not Available,"['Piccadilly Circus', 'Green Park', 'Rental Cars']"
216,Store Studios,Suggested Duration:Not Available,"180 Strand, London WC2R 1EA England",Ratings Not Available,"['Temple', 'Covent Garden', 'Rental Cars']"
217,Pace Gallery,Suggested Duration:Not Available,"6 Burlington Gardens W1S 3ET, London W1S 3ET England",Ratings Not Available,"['Green Park', 'Piccadilly Circus', 'Rental Cars']"
218,Print Club London,Suggested Duration:Not Available,"10-28 Millers Avenue Unit 3, London E8 2DS England",Ratings Not Available,"['Dalston Junction', 'Dalston Kingsland', 'Rental Cars']"
219,Howard Griffin Gallery,Suggested Duration:Not Available,"189 Shoreditch High Street, London E1 6HU England",Ratings Not Available,"['Shoreditch High St', 'London Liverpool St', 'Rental Cars']"
220,Diana Her Fashion Story,Suggested Duration:Not Available,"Kengsinton palace, London N14 6HT England",Ratings Not Available,"['Queensway', 'High St Kensington', 'Rental Cars']"
221,Galeria Melissa,Suggested Duration:Not Available,"43 King Street, London WC2E 8JY England",Ratings Not Available,"['Covent Garden', 'Leicester Square', 'Rental Cars']"
222,Society of Genealogists,Suggested Duration:2-3 hours,"Goswell Road 14 Charterhouse Buildings, London EC1M 7BA England",4.5,"['Barbican', 'Farringdon', 'Rental Cars']"
223,Royal Pharmaceutical Society Museum,Suggested Duration:Not Available,"1 Lambeth High Street, London SE1 7JN England",Ratings Not Available,"['Waterloo', 'Embankment', 'Rental Cars']"
224,Pump House Gallery,Suggested Duration:Not Available,"Battersea Park, London SW11 4NJ England",Ratings Not Available,"['Knightsbridge', 'Gloucester Road', 'Rental Cars']"
225,Sunny Art Centre,Suggested Duration:< 1 hour,"30 Gray's Inn Road, London WC1X 8HR England",4.5,"['Chancery Lane', 'Farringdon', 'Rental Cars']"
226,London Metropolitan Archives,Suggested Duration:Not Available,"40 Northampton Road, London EC1R 0HB England",Ratings Not Available,"['Farringdon', 'Barbican', 'Rental Cars']"
227,Snap Galleries London,Suggested Duration:Not Available,"8 Piccadilly Arcade, London SW1Y 6NH England",5,"['Green Park', 'Piccadilly Circus', 'Rental Cars']"
228,Sh! Women's Emporium,Suggested Duration:Not Available,"35 Pitfield Street Enter through the coffee shop, London N1 6HB England",Ratings Not Available,"['Old St', 'Shoreditch High St', 'Rental Cars']"
229,James Freeman Gallery,Suggested Duration:Not Available,"354 Upper Street, London N1 0PD England",Ratings Not Available,"['Caledonian Road & Barnsbury', 'Highbury & Islington', 'Rental Cars']"
230,UCL Art Museum,Suggested Duration:Not Available,"South Cloisters, Wilkins Building, University College London, Gower Street, London WC1E 6BT England",4,"['Goodge St', 'Tottenham Court Road', 'Rental Cars']"
231,The Asylum Chapel,Suggested Duration:Not Available,"Caroline Gardens , Asylum Road, London SE15 2SQ England",Ratings Not Available,"['Wapping', 'Cyprus', 'Rental Cars']"
232,Elizabeth Garrett Anderson Room,Suggested Duration:Not Available,"Euston Road Unison Centre, London England",Ratings Not Available,"['Euston', 'London Euston', 'Rental Cars']"
233,Fine Art Society,Suggested Duration:Not Available,"Epworth House 25 City Road, London EC1Y 1AA England",5,"['Old St', 'Moorgate', 'Rental Cars']"
234,Victoria Miro Mayfair,Suggested Duration:Not Available,"14 St. George Street, London W1S 1FE England",Ratings Not Available,"['Oxford Circus', 'Bond St', 'Rental Cars']"
235,Raven Row,Suggested Duration:Not Available,"56 Artillery Lane, London E1 7LS England",Ratings Not Available,"['Liverpool St', 'London Liverpool St', 'Rental Cars']"
236,Proud Galleries,Suggested Duration:Not Available,"Flat 32 10 John Adam Street, London WC2N 6HA England",Ratings Not Available,"['Embankment', 'Charing Cross', 'Rental Cars']"
237,"The White Cube, Mason's Yard",Suggested Duration:Not Available,"St. James's, London SW1Y 6BU",Ratings Not Available,"['Piccadilly Circus', 'Charing Cross', 'Victoria']"
238,Rivington Place,Suggested Duration:Not Available,"1 Rivington Place, London EC2A 3BA England",Ratings Not Available,"['Shoreditch High St', 'Old St', 'Rental Cars']"
239,Bold Tendencies,Suggested Duration:1-2 hours,"95A Rye Lane Levels 7-10, London SE15 4ST England",4.5,"['Wapping', 'London Bridge', 'Rental Cars']"
240,Haunch of Venison,Suggested Duration:Not Available,"6 Haunch of Venison Yard, London W1K 5EU England",Ratings Not Available,"['Bond St', 'Oxford Circus', 'Rental Cars']"
241,Hampstead Museum,Suggested Duration:Not Available,"Burgh House New End Square New End Square, London NW3 1LT England",Ratings Not Available,"['South Hampstead', 'Hampstead', 'Rental Cars']"
242,Galerie Thaddaeus Ropac,Suggested Duration:Not Available,"37 Dover Street Ely House, London W1S 4NJ England",Ratings Not Available,"['Green Park', 'Piccadilly Circus', 'Rental Cars']"
243,Gagliardi Gallery,Suggested Duration:Not Available,"509 Kings Road, London SW10 0TX England",4.5,"['Fulham Broadway', 'West Brompton', 'Rental Cars']"
244,Wandsworth Prison Museum,Suggested Duration:Not Available,"Heathfield Road, London SW18 3HS England",Ratings Not Available,"['Putney Bridge', 'Parsons Green', 'Rental Cars']"
245,Zabludowicz Collection,Suggested Duration:< 1 hour,"176 Prince of Wales Road, London NW5 3PT England",4.5,"['Chalk Farm', 'Kentish Town West', 'Rental Cars']"
246,The Horse Hospital,Suggested Duration:Not Available,"Colonnade Bloomsbury, London WC1N 1JD England",Ratings Not Available,"['Russell Square', 'Holborn', 'Rental Cars']"
247,Gallery Fumi,Suggested Duration:Not Available,"2 Hay Hill Mayfair, London W1J 6AS England",Ratings Not Available,"['Green Park', 'Bond St', 'Rental Cars']"
248,Italian Cultural Institute,Suggested Duration:Not Available,"39 Belgrave Square, London SW1X 8NX England",Ratings Not Available,"['Hyde Park Corner', 'Knightsbridge', 'Rental Cars']"
249,Pangolin London,Suggested Duration:Not Available,"Kings Place 90 York Way 90 York Way, London N1 9AG England",Ratings Not Available,"[""King's Cross St. Pancras"", 'Caledonian Road & Barnsbury', 'Rental Cars']"
250,Rowley Gallery,Suggested Duration:Not Available,"115 Kensington Church Street Just south of Notting Hill Gate Tube Stop, London W8 7LN England",Ratings Not Available,"['Notting Hill Gate', 'High St Kensington', 'Rental Cars']"
251,TJ Boulting,Suggested Duration:Not Available,"59 Riding House Street, London W1W 7EG England",Ratings Not Available,"['Goodge St', 'Oxford Circus', 'Rental Cars']"
252,Percival David Foundation of Chinese Art,Suggested Duration:Not Available,"53 Gordon Square Great Russel Street, London WC1H 0PD England",Ratings Not Available,"['Russell Square', 'Euston Square', 'Rental Cars']"
253,Photofusion,Suggested Duration:Not Available,"17A Electric Lane Brixton, London SW9 8LA England",Ratings Not Available,"['Waterloo', 'Southwark', 'Rental Cars']"
254,Anaesthesia Heritage Centre,Suggested Duration:< 1 hour,"21 Portland Place, London W1B 1PY England",4,"[""Regent's Park"", 'Great Portland St', 'Rental Cars']"
255,Eden Fine Art Gallery,Suggested Duration:1-2 hours,"103 New Bond Street, London W1S 1ST England",4,"['Bond St', 'Oxford Circus', 'Rental Cars']"
256,"65 Queen's Gate, Baden-Powell House",Suggested Duration:Not Available,"65-67 Queen's Gate, London SW7 5JS England",3,"['Gloucester Road', ""Earl's Court"", 'Rental Cars']"
257,Dairy Art Centre,Suggested Duration:Not Available,"7A Wakefield Street Bloomsbury, London WC1N 1PG England",Ratings Not Available,"['Russell Square', ""King's Cross St. Pancras"", 'Rental Cars']"
258,The New Craftsmen,Suggested Duration:< 1 hour,"34 North Row, London W1K 6DG England",5,"['Bond St', 'Marble Arch', 'Rental Cars']"
259,Curious Duke Gallery,Suggested Duration:Not Available,"173 Whitecross Street, London EC1Y 8JT England",Ratings Not Available,"['Old St', 'Barbican', 'Rental Cars']"
260,The Jozef Pilsudski Institute,Suggested Duration:Not Available,"238-246 King Street, London W6 0RF England",4.5,"['Ravenscourt Park', 'Stamford Brook', 'Rental Cars']"
261,Leyden Gallery,Suggested Duration:1-2 hours,"9/9A Leyden Street, London E1 7LE England",5,"['Aldgate', 'Aldgate East', 'Rental Cars']"
262,Atom Gallery,Suggested Duration:< 1 hour,"127 Green Lanes, London N16 9DA England",5,"['Canonbury', 'Arsenal', 'Rental Cars']"
263,Zuleika Gallery,Suggested Duration:Not Available,"Riverwide House 6 Masons Yard, London SW1Y 6BU England",Ratings Not Available,"['Piccadilly Circus', 'Green Park', 'Rental Cars']"
264,Curwen Gallery,Suggested Duration:Not Available,"4 Windmill St., W1, London England",Ratings Not Available,"['Goodge St', 'Tottenham Court Road', 'Rental Cars']"
265,Not the Royal Academy,Suggested Duration:Not Available,"Llewellyn Alexander Gallery The Cut, London SE1 England",4,"['Wapping', 'Cyprus', 'Rental Cars']"
266,Laure Genillard,Suggested Duration:Not Available,"2 Hanway Place, London W1T 1HB England",4.5,"['Tottenham Court Road', 'Goodge St', 'Rental Cars']"
267,The Montage,Suggested Duration:Not Available,"33 Dartmouth Road, London SE23 3HN England",Ratings Not Available,"['Wapping', 'London Bridge', 'Rental Cars']"
268,Aga Khan Centre,Suggested Duration:Not Available,"10 Handyside Street, London N1C 4DN England",Ratings Not Available,"[""King's Cross St. Pancras"", 'Caledonian Road & Barnsbury', 'Rental Cars']"
269,P21 Gallery,Suggested Duration:Not Available,"21 Chalton Street, London NW1 1JD England",Ratings Not Available,"['Mornington Crescent', 'London Euston', 'Rental Cars']"
270,Phillips,Suggested Duration:Not Available,"30 Berkeley Square W1J 6EX, London W1J 6EX England",Ratings Not Available,"['Bond St', 'Green Park', 'Rental Cars']"
271,The Salvation Army International Heritage Centre,Suggested Duration:< 1 hour,"William Booth College Champion Park Third floor, William Booth College, London SE5 8BQ England",4.5,"['London Bridge', 'Southwark', 'Rental Cars']"
272,Waddington Galleries,Suggested Duration:Not Available,"11-12 & 34 Cork Street, London W1X 2LT England",4.5,"['Green Park', 'Piccadilly Circus', 'Rental Cars']"
273,UCL Geology Collections,Suggested Duration:Not Available,"Gower Street Room 4, 1st floor corridor, South Wing, University College London, London WC1E 6BT England",4.5,"['Euston Square', 'Warren St', 'Rental Cars']"
274,Cortesi Gallery London,Suggested Duration:Not Available,"41&43 Maddox St, London England",Ratings Not Available,"['Oxford Circus', 'Bond St', 'Rental Cars']"
275,Galeries Bertoux,Suggested Duration:Not Available,"104 New Bond Street Mayfair, London W1S 1SU England",Ratings Not Available,"['Bond St', 'Oxford Circus', 'Rental Cars']"
276,The Hellenic Centre,Suggested Duration:Not Available,"16-18 Paddington Street Marylebone, London W1U 5AS England",Ratings Not Available,"['Baker St', ""Regent's Park"", 'Rental Cars']"
277,Jerwood Space,Suggested Duration:Not Available,"171 Union Street, London SE1 0LN England",Ratings Not Available,"['Southwark', 'Blackfriars', 'Rental Cars']"
278,Marlborough Contemporary,Suggested Duration:Not Available,"6 Albemarle Street, London W1S 4BY England",Ratings Not Available,"['Green Park', 'Piccadilly Circus', 'Rental Cars']"
279,Flowers Gallery,Suggested Duration:Not Available,"21 Cork Street, London W1S 3LZ England",Ratings Not Available,"['Green Park', 'Piccadilly Circus', 'Rental Cars']"
280,London Natsume Soseki Memorial Hall,Suggested Duration:Not Available,"80B The Chase The Chase, London SW4 0NG England",Ratings Not Available,"['Fulham Broadway', 'Parsons Green', 'Rental Cars']"
281,Viewfinder Photography Gallery,Suggested Duration:Not Available,"Peyton Place Greenwich, London SE10 9BL England",4.5,"['North Greenwich', 'Canary Wharf', 'Rental Cars']"
282,Gilbert Collection,Suggested Duration:Not Available,"Somerset House Strand Strand, London WC2R 1LA England",Ratings Not Available,"['Temple', 'Embankment', 'Rental Cars']"
283,Zari Gallery,Suggested Duration:Not Available,"73 Newman Street, London W1T 3EJ England",Ratings Not Available,"['Goodge St', 'Tottenham Court Road', 'Rental Cars']"
284,Kensington Market,Suggested Duration:Not Available,"Queensway Bayswater, London England",Ratings Not Available,"['Queensway', 'Bayswater', 'Rental Cars']"
285,David Roberts Art Foundation,Suggested Duration:Not Available,"37 Camden High Street Symes Mews, London NW1 7JE England",Ratings Not Available,"['Mornington Crescent', 'Camden Town', 'Rental Cars']"
286,Studio Fusion Gallery,Suggested Duration:< 1 hour,"Unit 1.06 Oxo Tower Wharf, London SE1 9PH England",4.5,"['Temple', 'Blackfriars', 'Rental Cars']"
287,Grosvenor Prints,Suggested Duration:Not Available,"19 Shelton Street Covent Garden, London WC2H 9JN England",Ratings Not Available,"['Covent Garden', 'Leicester Square', 'Rental Cars']"
288,Pi Artworks,Suggested Duration:< 1 hour,"55 Eastcastle Street, London W1W 8EG England",4,"['Oxford Circus', 'Goodge St', 'Rental Cars']"
289,The Fusilier Museum,Suggested Duration:< 1 hour,"St Katharine's & Wapping 35 Tower Hill London Tower, London EC3N 4AB England",4,"['Tower Gateway', 'Gallions Reach', 'Rental Cars']"
290,Prince Henry's Room,Suggested Duration:Not Available,"17 Fleet Street, London EC4Y 1AA England",Ratings Not Available,"['Temple', 'Chancery Lane', 'Rental Cars']"
291,The Museum of Wimbledon,Suggested Duration:Not Available,"22 Ridgway, London SW19 4QN England",Ratings Not Available,"['Morden', 'Putney Bridge', 'Rental Cars']"
292,Kallos Gallery,Suggested Duration:Not Available,"14-16 Davies Street, London W1K 3DR England",Ratings Not Available,"['Bond St', 'Green Park', 'Rental Cars']"
293,Barakat Gallery,Suggested Duration:Not Available,"58 Brook Street, London W1K 5DT England",Ratings Not Available,"['Bond St', 'Oxford Circus', 'Rental Cars']"
294,The Approach,Suggested Duration:Not Available,"47 Approach Rd., London England",4,"['Morden', 'Putney Bridge', 'Rental Cars']"
295,Turner Art Prize Exposition,Suggested Duration:Not Available,"Millbank Tate Britain, London SW1P 4RG England",Ratings Not Available,"['Waterloo', 'Embankment', 'Rental Cars']"
296,Merton Priory Chapter House,Suggested Duration:1-2 hours,"Chapter Way Under Merantum Way, London SW19 2RX England",Ratings Not Available,"['Morden', 'Putney Bridge', 'Rental Cars']"
297,Anthony d'Offay Gallery,Suggested Duration:Not Available,"9,21,23-24 Dering Street, London W1R 9AA England",4,"['Bond St', 'Oxford Circus', 'Rental Cars']"
298,Caravanserail Bookshop,Suggested Duration:< 1 hour,"5 Cheshire Street, London E2 6ED England",Ratings Not Available,"['Shoreditch High St', 'Whitechapel', 'Rental Cars']"
299,Sim Smith Gallery,Suggested Duration:Not Available,"149 Camberwell Road, London SE5 0HB England",Ratings Not Available,"['Southwark', 'London Bridge', 'Rental Cars']"
300,Ordovas,Suggested Duration:Not Available,"25 Savile Row, London W1S 2ER England",Ratings Not Available,"['Oxford Circus', 'Piccadilly Circus', 'Rental Cars']"
301,Brent Museum,Suggested Duration:Not Available,"95 High Road The Library at Willesden Green, London NW10 2SF England",Ratings Not Available,"['Brondesbury Park', 'Willesden Green', 'Rental Cars']"
302,Jimmy Cauty's Model Village,Suggested Duration:Not Available,"America Street, London SE1 0NJ England",Ratings Not Available,"['Southwark', 'London Bridge', 'Rental Cars']"
303,Timothy Taylor Gallery,Suggested Duration:Not Available,"15 Carlos Place, London W1K 2EX England",Ratings Not Available,"['Bond St', 'Green Park', 'Rental Cars']"
304,BSMT Space,Suggested Duration:< 1 hour,"Road Dalston 5D Stoke Newington Road, London N16 8BH England",Ratings Not Available,"['Dalston Junction', 'Dalston Kingsland', 'Rental Cars']"
305,Robilant + Voena,Suggested Duration:Not Available,"38 Dover Street, London W1S 4NL England",Ratings Not Available,"['Green Park', 'Piccadilly Circus', 'Rental Cars']"
306,Tryon & Swan Gallery,Suggested Duration:Not Available,"23-24 Cork Street, London W1X 1HB England",Ratings Not Available,"['Green Park', 'Piccadilly Circus', 'Rental Cars']"
307,Philip Mould & Co,Suggested Duration:Not Available,"18-19 Pall Mall, London SW1Y 5LU England",Ratings Not Available,"['Piccadilly Circus', 'Charing Cross', 'Rental Cars']"
308,The Depot,Suggested Duration:Not Available,"Gunnersbury Ln. Acton Town, London England",4,"['Acton Town', 'South Acton', 'Rental Cars']"
309,The Underdog,Suggested Duration:Not Available,"Arch 6, Crucifix Lane, London Bridge, London SE1 3JW England",Ratings Not Available,"['London Bridge', 'Tower Hill', 'Rental Cars']"
310,Art Work Space,Suggested Duration:Not Available,"Floor The Lower Ground Hempel 67 Shepherds Bush Road 31-35 Craven Hill Gardens, London W6 7LS England",4.5,"['Goldhawk Road', ""Shepherd's Bush"", 'Rental Cars']"
311,Redfern Gallery,Suggested Duration:Not Available,"20 Cork Street, London W1S 3HL England",Ratings Not Available,"['Green Park', 'Piccadilly Circus', 'Rental Cars']"
312,Roman Black Gallery,Suggested Duration:Not Available,"602 Fulham Road Fulham, London SW6 5PA England",Ratings Not Available,"['Parsons Green', 'Fulham Broadway', 'Rental Cars']"
313,Agnew's,Suggested Duration:Not Available,"43 Old Bond Street, London W1S 4QT England",Ratings Not Available,"['Green Park', 'Piccadilly Circus', 'Rental Cars']"
314,Capital Art Gallery,Suggested Duration:Not Available,"Well Hall Road 13 Well Hall Parade, London SE9 6SP England",Ratings Not Available,"['Woolwich Arsenal', 'King George V', 'Rental Cars']"
315,The Temple Gallery,Suggested Duration:Not Available,"Holland Park 6 Clarendon Cross, London W11 4AP England",Ratings Not Available,"['Holland Park', 'Latimer Road', 'Rental Cars']"
316,Cello Factory,Suggested Duration:Not Available,"33-34 Cornwall Road, London SE1 8TJ England",Ratings Not Available,"['Waterloo', 'Southwark', 'Rental Cars']"
317,Lesley Craze Gallery,Suggested Duration:Not Available,"33-35 Clerkenwell Green Ec1, London EC1R 0DU England",5,"['Farringdon', 'Barbican', 'Rental Cars']"
318,Origin Gallery,Suggested Duration:Not Available,"10A Greenwich Market Greenwich, London SE10 9HZ England",Ratings Not Available,"['North Greenwich', 'Canary Wharf', 'Rental Cars']"
319,De Morgan Centre,Suggested Duration:Not Available,"38 West Hill, London SW18 1RX England",Ratings Not Available,"['Putney Bridge', 'Parsons Green', 'Rental Cars']"
320,Browse & Darby Gallery,Suggested Duration:Not Available,"19 Cork Street, London W1S 3LP England",Ratings Not Available,"['Green Park', 'Piccadilly Circus', 'Rental Cars']"
321,Centre of the Cell,Suggested Duration:Not Available,"4 Newark Street Blzard Institute, London E1 2AT England",Ratings Not Available,"['Beckton', 'Whitechapel', 'Rental Cars']"
322,The Graffiti Life Gallery,Suggested Duration:Not Available,"26 Cheshire Street, London E2 6EH England",Ratings Not Available,"['Shoreditch High St', 'Whitechapel', 'Rental Cars']"
323,Potterton Books,Suggested Duration:Not Available,"93 Lower Sloane Street 5 minute walk south of Sloane Square, London SW1W 8DA England",Ratings Not Available,"['Knightsbridge', 'Hyde Park Corner', 'Rental Cars']"
324,Serena Morton 11 Gallery,Suggested Duration:Not Available,"345 Ladbroke Grove, London W10 6HA England",Ratings Not Available,"['Ladbroke Grove', 'Westbourne Park', 'Rental Cars']"
325,Eames Fine Art,Suggested Duration:Not Available,"58 Bermondsey Street, London SE1 3UD England",Ratings Not Available,"['London Bridge', 'Tower Hill', 'Rental Cars']"
326,The Lemongrove Gallery,Suggested Duration:< 1 hour,"255A Chiswick High Road, London W4 4PU England",Ratings Not Available,"['Chiswick Park', 'Turnham Green', 'Rental Cars']"
327,Green & Stone,Suggested Duration:< 1 hour,"251/253 Fulham Road Chelsea, London SW3 6HY England",4,"['Gloucester Road', ""Earl's Court"", 'Rental Cars']"
328,Thackeray Gallery,Suggested Duration:Not Available,"18 Thackeray Street (Kensington Sq.), London W8 5ET England",Ratings Not Available,"['High St Kensington', 'Gloucester Road', 'Rental Cars']"
329,Heartbreak Gallery - official gallery for Jack Vettriano,Suggested Duration:Not Available,"17 Bulstrode Street, London W1U 2JH England",Ratings Not Available,"['Bond St', 'Oxford Circus', 'Rental Cars']"
330,Britain's Museum of Popular Music,Suggested Duration:Not Available,"116 London Wall, London EC2M 5QA England",Ratings Not Available,"['Moorgate', 'Bank', 'Rental Cars']"
331,Flaxman Gallery - UCL,Suggested Duration:Not Available,"Ucl, Gower Street, London England",Ratings Not Available,"['Goodge St', 'Euston Square', 'Rental Cars']"
332,JonaQuestArt,Suggested Duration:Not Available,"36 Greenwich Church Street, London SE10 9BL England",Ratings Not Available,"['North Greenwich', 'Canary Wharf', 'Rental Cars']"
333,Lethaby Gallery,Suggested Duration:Not Available,"1 Granary Square, London N1 1FA England",Ratings Not Available,"[""King's Cross St. Pancras"", 'Mornington Crescent', 'Rental Cars']"
334,Fashion Space Gallery,Suggested Duration:< 1 hour,"20 John Princes Street, London W1G 0BJ England",Ratings Not Available,"['Oxford Circus', 'Bond St', 'Rental Cars']"
335,Chisenhale Gallery,Suggested Duration:Not Available,"64 Chisenhale Road, London E3 5QZ England",Ratings Not Available,"['Mile End', 'Bow Road', 'Rental Cars']"
336,Goldsmiths Centre for Contemporary Art,Suggested Duration:Not Available,"St James' New Cross, London SE14 6AD England",Ratings Not Available,"['Wapping', 'Canary Wharf', 'Rental Cars']"
337,Czech Memorial Scrolls Museum,Suggested Duration:1-2 hours,"Rutland Gardens Third Floor Kent House, London SW7 1BX England",Ratings Not Available,"['Knightsbridge', 'Hyde Park Corner', 'Rental Cars']"
338,Herrick Gallery,Suggested Duration:Not Available,"93 Piccadilly, London W1J 7NQ England",Ratings Not Available,"['Green Park', 'Hyde Park Corner', 'Rental Cars']"
339,Coningsby Gallery,Suggested Duration:Not Available,"30 Tottenham Street, London W1T 4RJ England",Ratings Not Available,"['Goodge St', 'Warren St', 'Rental Cars']"
340,Sprueth Magers,Suggested Duration:Not Available,"7A Grafton Street, London W1S 4EJ England",Ratings Not Available,"['Green Park', 'Bond St', 'Rental Cars']"
341,Wimbledon Art Studios,Suggested Duration:2-3 hours,"Wimbledon Art Studios 10 Riverside Yard, London SW17 0BB England",5,"['Morden', 'Putney Bridge', 'Rental Cars']"
342,Cumberland Art Gallery,Suggested Duration:Not Available,"Hampton Court Palace, London England",Ratings Not Available,"['Southwark', 'Waterloo', 'Rental Cars']"
343,Bermondsey Project Space,Suggested Duration:Not Available,"183-185 Bermondsey Street The Vellum Building, London SE1 3UW England",Ratings Not Available,"['London Bridge', 'Tower Hill', 'Rental Cars']"
345,Gagosian Gallery - Grosvenor Hill,Suggested Duration:Not Available,"20 Grosvenor Hill, London W1K 3QD England",Ratings Not Available,"['Bond St', 'Oxford Circus', 'Rental Cars']"
346,Whitfield Fine Art,Suggested Duration:Not Available,"23 Dering Street, London W1S 1AW England",Ratings Not Available,"['Bond St', 'Oxford Circus', 'Rental Cars']"
347,Dana Centre,Suggested Duration:Not Available,"165 Queen's Gate, London SW7 5HD England",Ratings Not Available,"['Gloucester Road', 'High St Kensington', 'Rental Cars']"
348,Peckham Platform,Suggested Duration:Not Available,"Industrial Park 133 Copeland Road Bussey Building, Copeland Park, London SE15 3SN England",Ratings Not Available,"['Wapping', 'London Bridge', 'Rental Cars']"
349,Hermitage Rooms at Somerset House,Suggested Duration:Not Available,"Somerset House The Strand, London WC2 England",Ratings Not Available,"['Temple', 'Covent Garden', 'Rental Cars']"
350,Thames Galleries,Suggested Duration:Not Available,"143 Lower Richmond Road Putney, London SW15 1EZ England",Ratings Not Available,"['Putney Bridge', 'Parsons Green', 'Rental Cars']"
351,Hamilton's,Suggested Duration:Not Available,"13 Carlos Place, London W1K 2EU England",Ratings Not Available,"['Bond St', 'Green Park', 'Rental Cars']"
352,The Reel Poster Gallery,Suggested Duration:Not Available,"72 Westbourne Grove, London W2 5SH England",Ratings Not Available,"['Bayswater', 'Royal Oak', 'Rental Cars']"
354,Sladmore Gallery,Suggested Duration:Not Available,"32 Bruton Place Off Berkeley Square, London W1J 6NW England",Ratings Not Available,"['Bond St', 'Green Park', 'Rental Cars']"
355,Thomas Dane Gallery,Suggested Duration:Not Available,"St James's 3 Duke Street, London SW1Y 6BN England",Ratings Not Available,"['Green Park', 'Piccadilly Circus', 'Rental Cars']"
356,Cricket Fine Art,Suggested Duration:< 1 hour,"2 Park Walk Chelsea, London SW10 0AD England",3,"['Gloucester Road', 'West Brompton', 'Rental Cars']"
357,East End gallery-hopping,Suggested Duration:Not Available,"Venues around Bethnal Green Bethnal Green tube, London E2 England",Ratings Not Available,"['Shoreditch High St', 'Bethnal Green', 'Rental Cars']"
358,Bel-Air Fine Art London,Suggested Duration:Not Available,"105 New Bond Street Mayfair, London W1S 1DN England",Ratings Not Available,"['Bond St', 'Oxford Circus', 'Rental Cars']"
359,Werner Gallery,Suggested Duration:Not Available,"22 Upper Brook Street Mayfair, London W1K 7PZ England",Ratings Not Available,"['Marble Arch', 'Bond St', 'Rental Cars']"
360,Museum of Architecture,Suggested Duration:Not Available,"10A Thurloe Place South Kensington, London SW7 2RZ England",Ratings Not Available,"['Knightsbridge', 'Gloucester Road', 'Rental Cars']"
361,British Museum of Food: SCOOP A Wonderful Ice Cream World,Suggested Duration:Not Available,"Unit 2 Gasholders Building 1 Lewis Cubitt Square near St Pancras Stn & Granary Square, London N1C 4BY England",Ratings Not Available,"[""King's Cross St. Pancras"", 'Mornington Crescent', 'Rental Cars']"
362,Flat Time House,Suggested Duration:< 1 hour,"Flat Time House 210 Bellenden Road, London SE15 4BW England",Ratings Not Available,"['London Bridge', 'Wapping', 'Rental Cars']"
363,Kinetica Museum,Suggested Duration:Not Available,"274 Richmond Road, London E8 3QW England",Ratings Not Available,"['London Fields', 'Hackney Central', 'Rental Cars']"
364,Menier Gallery,Suggested Duration:2-3 hours,"Menier Chocolate Factory 51 Southwark Street, London SE1 1RU England",4.5,"['London Bridge', 'Southwark', 'Rental Cars']"
365,Magda Danysz Gallery,Suggested Duration:Not Available,"61 Charlotte Street, London W1T 4PF England",Ratings Not Available,"['Goodge St', 'Tottenham Court Road', 'Rental Cars']"
366,Ben Oakley Gallery,Suggested Duration:Not Available,"9 Turnpin Lane Greenwich Market, London SE10 9JA England",Ratings Not Available,"['Turnpike Lane', 'Wood Green', 'Rental Cars']"
367,Shapero Rare Books,Suggested Duration:< 1 hour,"32 St. George Street, London W1S 2EA England",Ratings Not Available,"['Oxford Circus', 'Bond St', 'Rental Cars']"
368,Marvel Avengers Station,Suggested Duration:1-2 hours,"1 Eastern Gateway Royal Victoria Dock, London E16 1FR England",2,"['Pontoon Dock', 'Royal Albert', 'Rental Cars']"
369,Hornsey Town Hall Arts Centre,Suggested Duration:Not Available,"Hornsey Town Hall Arts Centrre The Broadway, Crouch End, London N8 9BQ England",Ratings Not Available,"['Fulham Broadway', 'Parsons Green', 'Rental Cars']"
370,Lampronti Gallery,Suggested Duration:Not Available,"44 Duke Street St James's, St. James's, London SW1Y",Ratings Not Available,['Green Park']
371,Retroliving,Suggested Duration:Not Available,"7A Church St, Marylebone, London NW8 8EE",Ratings Not Available,['St. John's Wood']
372,David Zwirner,Suggested Duration:Not Available,"24 Grafton Street, London W1S 4EZ England",Ratings Not Available,"['Green Park', 'Piccadilly Circus', 'Rental Cars']"
373,Imt Gallery,Suggested Duration:< 1 hour,"Cambridge Heath Road Unit 2/210, London E2 9NQ England",Ratings Not Available,"['Cambridge Heath', 'Bethnal Green', 'Rental Cars']"
374,Altazimuth Pavilion,Suggested Duration:Not Available,"Greenwich Park, London SE10 8XJ England",Ratings Not Available,"['North Greenwich', 'Pontoon Dock', 'Rental Cars']"
375,The Stone Space,Suggested Duration:Not Available,"Leytonstone Library 6 Church Lane, London E11 1HG England",Ratings Not Available,"['Leytonstone', 'Leytonstone High Road', 'Rental Cars']"
376,Gallery46,Suggested Duration:< 1 hour,"48 Ashfield Street, London E1 2AJ England",Ratings Not Available,"['Beckton', 'Whitechapel', 'Rental Cars']"
377,CAMA Gallery,Suggested Duration:More than 3 hours,"19 Dacre St, Westminster, London SW1H 0DJ England",Ratings Not Available,"['Charing Cross', 'Embankment', 'Rental Cars']"
378,Soul Bird Interiors,Suggested Duration:1-2 hours,"12 Heath Street Unit 7/8 Hampstead Antique Emporium, London NW3 6TE England",Ratings Not Available,"['Hampstead', 'South Hampstead', 'Rental Cars']"
379,The Portobello Arts Club,Suggested Duration:< 1 hour,"117 Portobello Road, London W11 2DY England",Ratings Not Available,"['Ladbroke Grove', 'Notting Hill Gate', 'Rental Cars']"
380,ECAD Gallery,Suggested Duration:< 1 hour,"71 Consort Road Unit 6, The White Building, London SE15 3SS England",Ratings Not Available,"['Wapping', 'London Bridge', 'Rental Cars']"
381,International Archive of Dreams,Suggested Duration:1-2 hours,"Stop Lock Apartment 4 Pound Path, London E3 5SE England",Ratings Not Available,"['Cambridge Heath', 'London Fields', 'Rental Cars']"
382,Joseph Fine Art,Suggested Duration:1-2 hours,"49 New Oxford Street, London WC1A 1BL England",Ratings Not Available,"['Tottenham Court Road', 'Holborn', 'Rental Cars']"
383,HOFA Gallery (the house of fine art),Suggested Duration:1-2 hours,"30 Royal Opera Arcade, London SW1Y 4UY England",Ratings Not Available,"['Piccadilly Circus', 'Charing Cross', 'Rental Cars']"
384,Rokeby Gallery,Suggested Duration:Not Available,"16 Rosebery Avenue, London EC1R 4TD England",Ratings Not Available,"['Chancery Lane', 'Farringdon', 'Rental Cars']"
385,Leontia Gallery,Suggested Duration:1-2 hours,"1 Queens Parade, Walm Lane,, London NW2 5HT England",Ratings Not Available,"['Willesden Green', 'Brondesbury Park', 'Rental Cars']"
386,Well Hung,Suggested Duration:Not Available,"239 Hoxton Street, London N1 5LG England",Ratings Not Available,"['Hoxton', 'Haggerston', 'Rental Cars']"
387,Pelham Galleries,Suggested Duration:Not Available,"23 Berkeley Square, London England",Ratings Not Available,"['Green Park', 'Bond St', 'Rental Cars']"
388,Timothy Langston Fine Art & Antiques,Suggested Duration:Not Available,"20A Pimlico Road, London SW1W 8LJ England",Ratings Not Available,"['Knightsbridge', 'Hyde Park Corner', 'Rental Cars']"
389,Robert K Burt Gallery,Suggested Duration:Not Available,"57-61 Union Street, London SE1 1SG England",Ratings Not Available,"['London Bridge', 'Southwark', 'Rental Cars']"
390,Drawing Room,Suggested Duration:< 1 hour,"Rich Industrial Estate 46 Willow Walk Unit 8 Rich Estate, London SE1 5SF England",Ratings Not Available,"['London Bridge', 'Gallions Reach', 'Rental Cars']"
391,Adrian Alan Ltd,Suggested Duration:1-2 hours,"66-67 South Audley Street Mayfair, London W1K 2QX England",Ratings Not Available,"['Bond St', 'Hyde Park Corner', 'Rental Cars']"
392,Staffords Gallery,Suggested Duration:Not Available,"Charing Cross Road 24 Cecil Court, London WC2N 4HE England",Ratings Not Available,"['Leicester Square', 'Charing Cross', 'Rental Cars']"
393,AntikBar,Suggested Duration:< 1 hour,"404 Kings Road Chelsea, London SW10 0LJ England",Ratings Not Available,"['Fulham Broadway', 'Gloucester Road', 'Rental Cars']"
394,Palm Tree Gallery,Suggested Duration:< 1 hour,"291 Portobello Road, London W10 5TD England",Ratings Not Available,"['Ladbroke Grove', 'Westbourne Park', 'Rental Cars']"
395,Gerald Moore Gallery,Suggested Duration:Not Available,"Mottingham Lane, London SE9 4RW England",Ratings Not Available,"['Woolwich Arsenal', 'Pontoon Dock', 'Rental Cars']"
396,Marie Wendy Jackson Gallery,Suggested Duration:Not Available,"6 Bristol Gardens, London W9 2JG England",Ratings Not Available,"['Warwick Ave', 'Royal Oak', 'Rental Cars']"
397,Anise Gallery,Suggested Duration:Not Available,"13A Shad Thames, London SE1 2PU England",Ratings Not Available,"['Gallions Reach', 'London Bridge', 'Rental Cars']"
398,SW1 Gallery,Suggested Duration:Not Available,"Roof Garden 12 Cardinal Walk Cardinal Place, London SW1E 5JE England",Ratings Not Available,"['Hyde Park Corner', 'Green Park', 'Rental Cars']"
399,Vilma Gold,Suggested Duration:Not Available,"Rivington St., EC2, London E2 9EH England",Ratings Not Available,"['Old St', 'Shoreditch High St', 'Rental Cars']"
400,Hammer Sidi,Suggested Duration:Not Available,"53 Fashion St, E1, London England",Ratings Not Available,"['Aldgate East', 'Aldgate', 'Rental Cars']"
401,Contemporary Art Society,Suggested Duration:Not Available,"59 Central Street Wc1b 3da, London EC1V 3AF England",Ratings Not Available,"['Old St', 'Barbican', 'Rental Cars']"
402,The Blue Gallery,Suggested Duration:Not Available,"15 Great Sutton St., EC1V, London England",Ratings Not Available,"['Barbican', 'Farringdon', 'Rental Cars']"
403,Cinch,Suggested Duration:Not Available,"5 Newburgh Street, London W1F 7RG England",Ratings Not Available,"['Oxford Circus', 'Piccadilly Circus', 'Rental Cars']"
404,Movie Poster Art Gallery,Suggested Duration:Not Available,"16 Newman Street, London W1T 1PA England",Ratings Not Available,"['Tottenham Court Road', 'Goodge St', 'Rental Cars']"
405,Association Gallery,Suggested Duration:Not Available,"81 Leonard Street Shoreditch, London EC2A 4QS England",Ratings Not Available,"['Old St', 'Shoreditch High St', 'Rental Cars']"
406,Soviet Carpet & Art Galleries,Suggested Duration:Not Available,"303-305 Cricklewood Broadway, London NW2 6PG England",Ratings Not Available,"['Willesden Green', 'Dollis Hill', 'Rental Cars']"
407,Museum of Culinary History and Alimentation (MoCHA),Suggested Duration:Not Available,"61 Malmesbury Terrace, London E16 2EB England",Ratings Not Available,"['Canning Town', 'Star Lane', 'Rental Cars']"
408,Dazzle,Suggested Duration:Not Available,"South Bank, London SE1 9PX England",Ratings Not Available,"['Temple', 'Waterloo', 'Rental Cars']"
409,Bravura Creative Art Studio,Suggested Duration:Not Available,"612 Fulham Road, London SW6 5RP England",Ratings Not Available,"['Parsons Green', 'Fulham Broadway', 'Rental Cars']"
410,Julian Simon Fine Art,Suggested Duration:Not Available,"70 Pimlico Road 10 Bury Street, St. James's, London SW1W 8LS England",Ratings Not Available,"['Knightsbridge', 'Hyde Park Corner', 'Rental Cars']"
411,Judith Clark Costume Gallery,Suggested Duration:Not Available,"112 Talbot Road Notting Hill, London W11 1JR England",Ratings Not Available,"['Westbourne Park', 'Ladbroke Grove', 'Rental Cars']"
412,Institute of International Visual Arts,Suggested Duration:Not Available,"6-8 Standard Place Rivington Street, London EC2A 3BE England",Ratings Not Available,"['Shoreditch High St', 'Old St', 'Rental Cars']"
413,Fashion Gallery,Suggested Duration:Not Available,"8 Clarendon Terrace Maida Vale, London W9 1BZ England",Ratings Not Available,"['Warwick Ave', 'Maida Vale', 'Rental Cars']"
414,Picasso's Place,Suggested Duration:Not Available,"106 Heath Street, London NW3 1DR England",Ratings Not Available,"['Hampstead', 'South Hampstead', 'Rental Cars']"
415,Patricia Kleinman,Suggested Duration:Not Available,"Antique Arcade 3 The Mall Camden Passage, London N14 6LR England",Ratings Not Available,"['Southgate', 'Arnos Grove', 'Rental Cars']"
416,Cabaret Mechanical Theatre,Suggested Duration:Not Available,"33-34 The Market, London England",Ratings Not Available,"['East Finchley', 'Golders Green', 'Rental Cars']"
417,Andrew Mummery Gallery,Suggested Duration:Not Available,"63 Compton Street, London EC1V 0BN England",Ratings Not Available,"['Farringdon', 'Barbican', 'Rental Cars']"
418,Maureen Paley,Suggested Duration:Not Available,"21 Herald Street, London E2 6JT England",Ratings Not Available,"['Bethnal Green', 'Bethnal Green', 'Rental Cars']"
419,Lux Centre,Suggested Duration:Not Available,"2 Hoxton Square, London England",Ratings Not Available,"['Old St', 'Hoxton', 'Rental Cars']"
420,Caelt Gallery,Suggested Duration:Not Available,"182 Westbourne Grove, London W11 2RH England",Ratings Not Available,"['Notting Hill Gate', 'Westbourne Park', 'Rental Cars']"
