,Title,Suggested Duration,Address,Ratings,Transport
0,St. James's Park,Suggested Duration:1-2 hours,"Horse Guards Road The Storeyard, London SW1A 2BJ England",4.5,"['Charing Cross', 'Embankment', 'Rental Cars']"
1,Hyde Park,Suggested Duration:2-3 hours,London W2 2UH England,4.5,"['Marble Arch', 'Knightsbridge', 'Rental Cars']"
2,Regent's Park,Suggested Duration:1-2 hours,"Chester Road Regent's Park, London NW1 4NR England",4.5,"[""Regent's Park"", 'Great Portland St', 'Rental Cars']"
3,Hampstead Heath,Suggested Duration Not Available,"Hampstead Lane Jcn of East Heath Road, London NW3 7JP England",Ratings Not Available,"['Golders Green', 'Hampstead Heath', 'Rental Cars']"
4,Kensington Gardens,Suggested Duration:< 1 hour,"The Magazine Storeyard Magazine Gate, London W2 UH England",4.5,"['Lancaster Gate', 'Queensway', 'Rental Cars']"
5,Garden at 120,Suggested Duration Not Available,"120 Fenchurch Street, London EC3M 5AL England",Ratings Not Available,"['Monument', 'Tower Hill', 'Rental Cars']"
6,Chelsea Physic Garden,Suggested Duration Not Available,"66 Royal Hospital Road, London SW3 4HS England",Ratings Not Available,"['Gloucester Road', 'Knightsbridge', 'Rental Cars']"
7,Greenwich Park,Suggested Duration Not Available,"Greenwich Park, London SE10 8QY England",Ratings Not Available,"['North Greenwich', 'Canary Wharf', 'Rental Cars']"
8,Queen Mary's Gardens,Suggested Duration Not Available,"Inner Circle Regent's Park, London England",4.5,"[""Regent's Park"", 'Great Portland St', 'Rental Cars']"
9,Holland Park,Suggested Duration Not Available,"Kensington-Chelsea, London England",4.5,"['Holland Park', 'Kensington,Olympia', 'Rental Cars']"
10,Primrose Hill,Suggested Duration Not Available,"Primrose Hill Road, London NW3 England",Ratings Not Available,"['Chalk Farm', ""St. John's Wood"", 'Rental Cars']"
11,Battersea Park,Suggested Duration Not Available,"Albert Park Bridge Road, London SW11 4NJ England",Ratings Not Available,"['Fulham Broadway', 'Parsons Green', 'Rental Cars']"
12,Kyoto Garden,Suggested Duration Not Available,"Holland Park, London England",Ratings Not Available,"['Holland Park', ""Shepherd's Bush"", 'Rental Cars']"
13,St. Katharine Docks,Suggested Duration:1-2 hours,"50 St. Katharines Way St Katherine's & Wapping, London E1W 1LA England",4.5,"['Gallions Reach', 'Tower Hill', 'Rental Cars']"
14,Diana Princess of Wales Memorial Playground,Suggested Duration:2-3 hours,"next to her Kensington Palace home, London W2 3XA England",4.5,"['Notting Hill Gate', 'Holland Park', 'Rental Cars']"
15,Victoria Park,Suggested Duration Not Available,"Old Ford Road Bow, London E3 5TG England",Ratings Not Available,"['Mile End', 'Bow Road', 'Rental Cars']"
16,Thames River,Suggested Duration Not Available,London England,Ratings Not Available,"['Waterloo', 'Embankment', 'Rental Cars']"
17,Regent's Canal,Suggested Duration Not Available,"42 Blomfield Road, London W9 2PF England",Ratings Not Available,"['Warwick Ave', 'Royal Oak', 'Rental Cars']"
18,WWT London Wetland Centre,Suggested Duration:More than 3 hours,"London Wetland Centre Queen Elizabeth Walk Barnes, London SW13 9WT England",4.5,"['Ravenscourt Park', 'Putney Bridge', 'Rental Cars']"
19,Italian Gardens,Suggested Duration Not Available,"Kensington Gardens, London W2 3XA England",Ratings Not Available,"['Lancaster Gate', 'Paddington', 'Rental Cars']"
20,Crossrail Place Roof Garden,Suggested Duration Not Available,"Crossrail Place Canary Wharf, London E14 5AR England",Ratings Not Available,"['Canary Wharf', 'Poplar', 'Rental Cars']"
21,Green Park,Suggested Duration Not Available,"Piccadilly, London W1J 9EJ England",Ratings Not Available,"['Green Park', 'Piccadilly Circus', 'Rental Cars']"
22,Victoria Embankment Gardens,Suggested Duration Not Available,"58 Victoria Embankment Temple Place, London EC4Y 0DS England",Ratings Not Available,"['Blackfriars', 'Temple', 'Rental Cars']"
23,Crystal Palace Park,Suggested Duration Not Available,"Thicket Road, London SE20 8DT England",Ratings Not Available,[]
24,Hill Garden & Pergola,Suggested Duration Not Available,"Inverforth Close, North End Way Hampstead Heath, London NW3 7HE England",Ratings Not Available,"['Hampstead', 'South Hampstead', 'Rental Cars']"
25,The Victoria Tower Gardens,Suggested Duration Not Available,"Millbank, London SW1P 3SF England",Ratings Not Available,"['Waterloo', 'Embankment', 'Rental Cars']"
26,Queen Elizabeth Olympic Park,Suggested Duration Not Available,"Olympic Stadium O Olympic Stadium Stratford Station, London E20 2ST England",4,"['Hackney Wick', 'West Ham', 'Rental Cars']"
27,Serpentine Boating Lake,Suggested Duration Not Available,"The Old Police House Hyde Park Hyde Park, Serpentine Road, London W2 2UH England",Ratings Not Available,"['Lancaster Gate', 'Paddington', 'Rental Cars']"
28,Wimbledon and Putney Commons,Suggested Duration Not Available,"Wimbledon, London SW19 5NR England",4.5,"['Putney Bridge', 'Parsons Green', 'Rental Cars']"
29,Alexandra Palace,Suggested Duration Not Available,"Alexandra Palace Wood Green, London N22 7AY England",4,"['Wood Green', 'Bounds Green', 'Rental Cars']"
30,Bishop's Park,Suggested Duration Not Available,"Fulham - Stevenage Road - SW6 Next To Fulham Footbal Club, London SW6 6EA England",Ratings Not Available,"['Putney Bridge', 'Parsons Green', 'Rental Cars']"
31,Golders Hill Park,Suggested Duration Not Available,"Golders Hill, London NW11 7QP England",Ratings Not Available,"['Golders Green', 'Hampstead', 'Rental Cars']"
32,Jubilee Gardens,Suggested Duration Not Available,"Belvedere Road, London SE1 8XX England",Ratings Not Available,"['Waterloo', 'Embankment', 'Rental Cars']"
33,Kensington Palace,Suggested Duration:2-3 hours,"Kensington Gardens Kensington Gardens, London W8 4PX England",3.5,"['High St Kensington', 'Queensway', 'Rental Cars']"
34,Parliament Hill Fields,Suggested Duration Not Available,"Highgate Road, Hampstead Heath Staff Yard, London England",Ratings Not Available,"['Gospel Oak', 'Gospel Oak', 'Rental Cars']"
35,Soho Square,Suggested Duration Not Available,"18 Soho Square Soho Square, London W1D 3QL England",Ratings Not Available,"['Tottenham Court Road', 'Leicester Square', 'Rental Cars']"
36,Fulham Palace,Suggested Duration Not Available,"Fulham Palace Bishops Avenue Fulham, London SW6 6EA England",4,"['Putney Bridge', 'Parsons Green', 'Rental Cars']"
37,Clapham Common,Suggested Duration Not Available,Address Not Available,Ratings Not Available,[]
38,ZSL London Zoo,Suggested Duration:More than 3 hours,"Regents Park Outer Circle, London NW1 4RY England",4,"['Camden Town', 'Chalk Farm', 'Rental Cars']"
39,Grosvenor Square,Suggested Duration Not Available,"Mayfair Apartments 9 Charles Street, London W1J 5DL England",Ratings Not Available,"['Green Park', 'Bond St', 'Rental Cars']"
40,Waterlow Park,Suggested Duration Not Available,"Waterlow Park 5 130 Highgate Hill, London N6 Swains Lane, London N6 6PL England",Ratings Not Available,"['Gospel Oak', 'Gospel Oak', 'Rental Cars']"
41,The Thames Barrier,Suggested Duration Not Available,"Thames Barrier Information & Learning Centre 1 Unity Way, London SE18 5NJ England",4,"['Pontoon Dock', 'London City Airport', 'Rental Cars']"
42,Nomadic Community Garden,Suggested Duration Not Available,"Weaver House Pedley Street, London E1 5ES England",Ratings Not Available,"['Shoreditch High St', 'Whitechapel', 'Rental Cars']"
43,Battersea Park Children's Zoo,Suggested Duration:1-2 hours,"Battersea Park, Chelsea Bridge Gate, London SW11 4NJ England",4,"['Knightsbridge', 'Gloucester Road', 'Rental Cars']"
44,SEA LIFE London Aquarium,Suggested Duration:2-3 hours,"County Hall Westminster Bridge Road County Hall, London SE1 7PB England",3.5,"['Waterloo', 'Embankment', 'Rental Cars']"
45,Trent Park Equestrian Centre,Suggested Duration Not Available,"East Pole FARM House Bramley Road Bramley Road, London N14 4UW England",4.5,"['Oakwood', 'Cockfosters', 'Rental Cars']"
46,Dalston Eastern Curve Garden,Suggested Duration Not Available,"13 Dalston Lane, London E8 3DF England",Ratings Not Available,"['Dalston Kingsland', 'Dalston Junction', 'Rental Cars']"
47,London Fields Park,Suggested Duration Not Available,"London Fields Swimming Pool London Fields West Side, London E8 3EU England",Ratings Not Available,"['London Fields', 'Hackney Central', 'Rental Cars']"
48,Gunnersbury Park & Museum,Suggested Duration:1-2 hours,"Gunnersbury Park Popes Lane, London W5 4NH England",4,"['Acton Town', 'Ealing Common', 'Rental Cars']"
49,Tower Hamlets Cemetery Park,Suggested Duration:2-3 hours,"The Lodge Southern Grove The Soanes Centre, London E3 4PX England",4.5,"['Mile End', 'Bow Road', 'Rental Cars']"
50,Dulwich Park,Suggested Duration Not Available,"Dulwich Park College Road Dulwich, London SE21 7BQ England",Ratings Not Available,"['London Bridge', 'Southwark', 'Rental Cars']"
51,Chiswick House and Gardens,Suggested Duration Not Available,"Chiswick House, Conservatory Yard, London W4 2RP England",Ratings Not Available,"['Turnham Green', 'Stamford Brook', 'Rental Cars']"
52,Lincoln's Inn Fields,Suggested Duration Not Available,Address Not Available,Ratings Not Available,[]
53,Blackheath,Suggested Duration Not Available,Address Not Available,Ratings Not Available,[]
54,Walthamstow Wetlands,Suggested Duration Not Available,Address Not Available,Ratings Not Available,[]
55,Wanstead Park,Suggested Duration Not Available,"2 Forest Road, London N17 9NH England",Ratings Not Available,"['Leyton Midland Road', 'Leytonstone', 'Rental Cars']"
56,Clissold Park,Suggested Duration Not Available,"Overton Drive, London England",Ratings Not Available,"['Wanstead', 'Redbridge', 'Rental Cars']"
57,Peckham Rye Park,Suggested Duration Not Available,"Clissold Park Mansions Stoke Newington Church Street, London N16 9HJ England",Ratings Not Available,"['Arsenal', 'Finsbury Park', 'Rental Cars']"
58,Hanwell Zoo,Suggested Duration Not Available,"Peckham Rye Childrens Playroom Strakers Road, London SE15 3UA England",Ratings Not Available,"['Wapping', 'London Bridge', 'Rental Cars']"
59,Garden Museum,Suggested Duration Not Available,"Church Road Brent Lodge Park, London W7 3BP England",Ratings Not Available,"['Boston Manor', 'Northfields', 'Rental Cars']"
60,Streatham Common,Suggested Duration Not Available,"5 Lambeth Palace Road, London SE1 7LB England",3.5,"['Waterloo', 'Embankment', 'Rental Cars']"
61,Tooting Bec Lido,Suggested Duration Not Available,"Streatham High Road, London England",Ratings Not Available,"['Morden', 'Putney Bridge', 'Rental Cars']"
62,Thames Barrier Park,Suggested Duration Not Available,"Tooting Bec Lido Tooting Bec Road Tooting Bec Road, London SW16 1RU England",Ratings Not Available,"['Morden', 'Putney Bridge', 'Rental Cars']"
63,Whitehall Gardens,Suggested Duration Not Available,"North Woolwich Road, London E16 2HP England",Ratings Not Available,"['Pontoon Dock', 'London City Airport', 'Rental Cars']"
64,Finsbury Park,Suggested Duration Not Available,"8 Victoria Embankment, London WC2R 2AB England",Ratings Not Available,"['Embankment', 'Charing Cross', 'Rental Cars']"
65,Charterhouse Square,Suggested Duration Not Available,London England,Ratings Not Available,"['Finsbury Park', 'Arsenal', 'Rental Cars']"
66,Ravenscourt Park,Suggested Duration Not Available,"40 Charterhouse Square, London EC1M 6EA England",Ratings Not Available,"['Barbican', 'Farringdon', 'Rental Cars']"
67,Trinity Square Gardens,Suggested Duration Not Available,"Paddenwick Road, London W6 0UA England",Ratings Not Available,"['Ravenscourt Park', 'Stamford Brook', 'Rental Cars']"
68,Coram's Fields,Suggested Duration Not Available,"Tower Hill Station 38 Trinity Square, London EC3N 4DJ England",Ratings Not Available,"['Tower Hill', 'Tower Gateway', 'Rental Cars']"
69,Lee Valley Regional Park,Suggested Duration:1-2 hours,"Corams Fields 93 Guilford Street, London WC1N 1DN England",4,"['Russell Square', 'Holborn', 'Rental Cars']"
70,Walpole Park,Suggested Duration:More than 3 hours,"Lee Hendon Wood Lane Lee Valley, London NW7 4HS England",4,"['Blackhorse Road', 'Blackhorse Road', 'Rental Cars']"
71,Woodberry Wetlands,Suggested Duration Not Available,"Walpole Park Mattock Lane, London W5 5EQ England",Ratings Not Available,"['Ealing Broadway', 'South Ealing', 'Rental Cars']"
72,Aldgate Square,Suggested Duration Not Available,"Lordship Road, London N16 5HQ England",Ratings Not Available,"['Manor House', 'Stoke Newington', 'Rental Cars']"
73,Oxleas Wood,Suggested Duration Not Available,"Aldgate Station Aldgate High Street, London EC3N 1AH England",Ratings Not Available,"['Aldgate', 'Aldgate East', 'Rental Cars']"
74,Queen's Park,Suggested Duration Not Available,"Crown Woods Ln, London SE18 3JA England",Ratings Not Available,"['Woolwich Arsenal', 'King George V', 'Rental Cars']"
75,Greenwich Peninsula Ecology Park,Suggested Duration Not Available,"Queens Park Pavilion Harvist Road Milman Road, London NW6 6SG England",Ratings Not Available,"[""Queen's Park"", ""Queen's Park"", 'Rental Cars']"
76,Hyde Park Rose Garden,Suggested Duration Not Available,"The Ecology Park Gatehouse Thames Path John Harrison Way, London SE10 0QZ England",Ratings Not Available,"['North Greenwich', 'Pontoon Dock', 'Rental Cars']"
77,Barbican Conservatory,Suggested Duration Not Available,"Hyde Park, London W2 2UH England",Ratings Not Available,"['Lancaster Gate', 'Paddington', 'Rental Cars']"
78,Queen's Meadow,Suggested Duration Not Available,Address Not Available,Ratings Not Available,[]
79,The Rookery,Suggested Duration Not Available,Address Not Available,Ratings Not Available,[]
80,Tiverton Green,Suggested Duration Not Available,"Covington Way, Lambeth, London England",Ratings Not Available,"['Morden', 'Rental Cars']"
81,Highgate Bathing Pond,Suggested Duration Not Available,"Tiverton Community Centre Tiverton Road, London N15 6RT England",Ratings Not Available,"['Harringay Green Lanes', 'Seven Sisters', 'Rental Cars']"
82,Kennington Park,Suggested Duration Not Available,"Millfield Lane Hampstead Heath, London N6 England",Ratings Not Available,"['Gospel Oak', 'Gospel Oak', 'Rental Cars']"
83,Tooting Common,Suggested Duration Not Available,"Kennington Park Road, London England",Ratings Not Available,"['Waterloo', 'Southwark', 'Rental Cars']"
84,Grosvenor Playground,Suggested Duration Not Available,"Tooting Bec Rd, London SW16 1LB England",Ratings Not Available,"['Morden', 'Putney Bridge', 'Rental Cars']"
85,Regent Square Garden,Suggested Duration Not Available,Address Not Available,Ratings Not Available,[]
86,Cannon Hill Common,Suggested Duration Not Available,"235 Cannon Hill Lane, London SW20 9DB England",Ratings Not Available,"['Morden', 'Putney Bridge', 'Rental Cars']"
87,Brown Hart Gardens,Suggested Duration Not Available,"Duke St, London W1K 6TD England",Ratings Not Available,"['Bond St', 'Marble Arch', 'Rental Cars']"
88,Wandsworth Common,Suggested Duration Not Available,"Dorlcote Road, London SW18 3RT England",Ratings Not Available,"['Putney Bridge', 'Parsons Green', 'Rental Cars']"
89,Sydenham Hill Wood and Cox's Walk,Suggested Duration Not Available,"Crescent Wood Road, London SE26 6LS England",Ratings Not Available,"['Wapping', 'London Bridge', 'Rental Cars']"
90,Archbishop's Park,Suggested Duration Not Available,"York House Carlisle Lane, London SE1 7LE England",Ratings Not Available,"['Waterloo', 'Southwark', 'Rental Cars']"
91,Paddington Street Garden,Suggested Duration Not Available,"Paddington Street Marylebone, London W1 England",Ratings Not Available,"['Baker St', ""Regent's Park"", 'Rental Cars']"
92,Camley Street Natural Park,Suggested Duration Not Available,"Camley Street Natural Park 12 Camley Street, London N1C 4PW England",Ratings Not Available,"[""King's Cross St. Pancras"", 'Mornington Crescent', 'Rental Cars']"
93,Brockwell Park,Suggested Duration Not Available,"117 Norwood Road, London SE24 9AE England",Ratings Not Available,"['Waterloo', 'Southwark', 'Rental Cars']"
94,Brockwell Park Walled Garden,Suggested Duration Not Available,Address Not Available,Ratings Not Available,[]
95,Island Gardens,Suggested Duration Not Available,"Island Gardens Saunders Ness Road Docklands, London E14 3EA England",Ratings Not Available,"['North Greenwich', 'Canary Wharf', 'Rental Cars']"
96,New Beckton Park,Suggested Duration Not Available,"2 Savage Gardens, London E6 5NB England",Ratings Not Available,"['Royal Albert', 'King George V', 'Rental Cars']"
97,Highgate Wood,Suggested Duration:1-2 hours,"Highgate Wood Lodge Muswell Hill Road, London N10 3JN England",4,"['Highgate', 'East Finchley', 'Rental Cars']"
98,Maryon Wilson Animal Park,Suggested Duration Not Available,"Flamsteed Road Charlton, London SE7 8HT England",4.5,"['Woolwich Arsenal', 'London City Airport', 'Rental Cars']"
99,London Zoo,Suggested Duration Not Available,"London NW1 4RY, London NW1 4RY England",Ratings Not Available,"['Chalk Farm', 'Camden Town', 'Rental Cars']"
100,Well Hall Pleasaunce,Suggested Duration Not Available,"Pleasaunce Pleasaunce 59 Well Hall Road Eltham, London SE9 6SZ England",Ratings Not Available,"['Woolwich Arsenal', 'King George V', 'Rental Cars']"
101,Shadwell Basin,Suggested Duration Not Available,"Wapping, London England",Ratings Not Available,"['Beckton Park', 'Wapping', 'Rental Cars']"
102,Gladstone Park,Suggested Duration Not Available,"Dollis Hill Lane, London NW2 England",Ratings Not Available,"['Dollis Hill', 'Neasden', 'Rental Cars']"
103,Ruskin Park,Suggested Duration Not Available,"Ruskin Park Denmark Hill Camberwell, London SE5 8EL England",Ratings Not Available,"['Waterloo', 'Southwark', 'Rental Cars']"
104,Cavendish Square,Suggested Duration Not Available,"8 Cavendish Sq. Marylebone, London W1G 0AN England",Ratings Not Available,"['Oxford Circus', 'Bond St', 'Rental Cars']"
105,One Tree Hill Local Nature Reserve,Suggested Duration Not Available,"Honor Oak Park, London SE23 3RA England",Ratings Not Available,"['Wapping', 'Canary Wharf', 'Rental Cars']"
106,Phoenix Garden,Suggested Duration Not Available,"21 Stacey Street, London WC2H 8DG England",Ratings Not Available,"['Tottenham Court Road', 'Covent Garden', 'Rental Cars']"
107,Cavendish Square Gardens,Suggested Duration Not Available,"Marylebone, London W1G 0PR England",Ratings Not Available,"['Oxford Circus', 'Bond St', 'Rental Cars']"
108,Brunswick Square Gardens,Suggested Duration Not Available,"B504 Bloomsbury, London WC1N 1AX England",Ratings Not Available,"['Russell Square', 'Holborn', 'Rental Cars']"
109,New River Walk,Suggested Duration Not Available,"Cannonbury Grove, London N1 2JH England",Ratings Not Available,"['Bounds Green', 'Wood Green', 'Rental Cars']"
110,Mile End Park,Suggested Duration Not Available,"Clinton Road, London E3 4QY England",Ratings Not Available,"['Woodgrange Park', 'East Ham', 'Rental Cars']"
111,Duck Island Cottage Garden,Suggested Duration Not Available,"69 Horse Guards Road, London England",Ratings Not Available,"['Charing Cross', 'Embankment', 'Rental Cars']"
112,"St Anne's Churchyard,",Suggested Duration Not Available,"Wardour Street, London W1D 6LB England",Ratings Not Available,"['Piccadilly Circus', 'Leicester Square', 'Rental Cars']"
113,South Norwood Lake and Grounds,Suggested Duration Not Available,"Woodvale Ave Auckland Road, London SE25 4AN England",Ratings Not Available,[]
114,Norfolk Square Gardens,Suggested Duration Not Available,London England,Ratings Not Available,"['Paddington', 'Lancaster Gate', 'Rental Cars']"
115,The Queen Square Park and Garden,Suggested Duration Not Available,"1 Queen Square Bloomsbury, London WC1N 3AT England",Ratings Not Available,"['Russell Square', 'Holborn', 'Rental Cars']"
116,Potters Fields Park,Suggested Duration:2-3 hours,"165 Tower Bridge Road, London SE1 3LW England",5,"['London Bridge', 'Tower Hill', 'Rental Cars']"
117,Gunnersbury Triangle,Suggested Duration Not Available,"Bollo Ln., London England",Ratings Not Available,"['Chiswick Park', 'Gunnersbury', 'Rental Cars']"
118,Cartwright Gardens,Suggested Duration Not Available,"Cartwright Gardens, London WC1H 9EH England",Ratings Not Available,"['Euston', 'London Euston', 'Rental Cars']"
119,Cannizaro Park,Suggested Duration Not Available,Address Not Available,Ratings Not Available,[]
120,River Lee Navigation,Suggested Duration Not Available,"Wharf Road, Ponders End, Enfield, Post code should be EN3 4TA, London SW15 2EZ England",Ratings Not Available,"['Putney Bridge', 'Parsons Green', 'Rental Cars']"
121,Pitshanger Park,Suggested Duration Not Available,"112 Meadvale Road, London W5 1LR England",Ratings Not Available,"['Perivale', 'Hanger Lane', 'Rental Cars']"
122,Paddington Green and St. Mary's Churchyard,Suggested Duration Not Available,"2 Churchyard Row, London SE11 4TW England",Ratings Not Available,"['Southwark', 'Waterloo', 'Rental Cars']"
123,St. George's Gardens,Suggested Duration Not Available,"1 Handel Street Gardens are located between Handel and Heathcote Streets immediately north of Coram's Fields., London WC1N 1PD England",Ratings Not Available,"['Russell Square', ""King's Cross St. Pancras"", 'Rental Cars']"
124,Tibetan Peace Garden,Suggested Duration Not Available,"St George's Road, London SE1 6ER England",Ratings Not Available,"['Southwark', 'Waterloo', 'Rental Cars']"
125,Bramley's Big Adventure,Suggested Duration:1-2 hours,"136 Bramley Road, London W10 6TJ England",3.5,"['Latimer Road', 'Ladbroke Grove', 'Rental Cars']"
126,Ridgway Stables,Suggested Duration Not Available,"93 Ridgway Wimbledon Village, London SW19 4SU England",Ratings Not Available,"['Morden', 'Putney Bridge', 'Rental Cars']"
127,Richmond Green,Suggested Duration Not Available,"300 Upper Richmond Road West Tw9 1lx, London SW14 7JG England",Ratings Not Available,"['Richmond', 'Richmond', 'Rental Cars']"
128,Haggerston Park,Suggested Duration Not Available,"Audrey Street, off Goldsmith's Row, London E2 8QH England",Ratings Not Available,"['Cambridge Heath', 'Hoxton', 'Rental Cars']"
129,Stephens House & Gardens,Suggested Duration Not Available,"17 East End Road, London N3 3QE England",4.5,"['Finchley Central', 'West Finchley', 'Rental Cars']"
130,Farthing Downs,Suggested Duration Not Available,Address Not Available,4.5,[]
131,Gillespie Park Nature Reserve and Islington Ecology,Suggested Duration Not Available,"191 Drayton Park, London N5 1PH England",Ratings Not Available,"['Arsenal', 'Holloway Road', 'Rental Cars']"
132,Belgrave Square Garden,Suggested Duration Not Available,"Belgrave Square, London SW1X England",Ratings Not Available,"['Hyde Park Corner', 'Knightsbridge', 'Rental Cars']"
133,Tarn Bird Sanctuary,Suggested Duration Not Available,"133 Court Road, London SE9 5AQ England",Ratings Not Available,"['Woolwich Arsenal', 'King George V', 'Rental Cars']"
134,Chelsea Embankment Gardens,Suggested Duration Not Available,"Chelsea Embankment Road, London SW3 5TS England",Ratings Not Available,"['Knightsbridge', 'Gloucester Road', 'Rental Cars']"
135,Paddington Basin,Suggested Duration Not Available,Address Not Available,Ratings Not Available,[]
136,Upper and Lower Grosvenor Gardens,Suggested Duration Not Available,Address Not Available,Ratings Not Available,[]
137,Stave Hill Ecological Park,Suggested Duration Not Available,"Stave Hill Ecological Park Timber Pond Road, London SE16 6AX England",Ratings Not Available,"['Wapping', 'Beckton Park', 'Rental Cars']"
138,Eltham Park South,Suggested Duration Not Available,"Glenesk Road, London England",Ratings Not Available,"['Woolwich Arsenal', 'King George V', 'Rental Cars']"
139,St Paul's Church Gardens,Suggested Duration Not Available,"Beford Street, London WC2E 9ED England",Ratings Not Available,"['Covent Garden', 'Leicester Square', 'Rental Cars']"
140,Islington Green,Suggested Duration Not Available,"222 Upper Street, London N1 1XR England",Ratings Not Available,"['Highbury & Islington', 'Highbury & Islington', 'Rental Cars']"
141,St Mary Aldermanbury Garden,Suggested Duration Not Available,"1 Love Lane, London EC2V 7JN England",Ratings Not Available,"[""St. Paul's"", 'Moorgate', 'Rental Cars']"
142,Wells Park,Suggested Duration Not Available,"Wells Park Road, London SE26 6JQ England",Ratings Not Available,[]
143,Lammas Park,Suggested Duration Not Available,"East Lodge Lammas Park, London W5 5JH England",Ratings Not Available,"['South Ealing', 'Northfields', 'Rental Cars']"
144,Russia Dock Woodland,Suggested Duration Not Available,"Salter Road, Rotherhithe, London England",Ratings Not Available,"['Westferry', 'Custom House for Excel', 'Rental Cars']"
145,St John's Wood Church Grounds,Suggested Duration Not Available,"8 Wellington Place, London NW8 9JA England",Ratings Not Available,"[""St. John's Wood"", 'Maida Vale', 'Rental Cars']"
146,Coronation Gardens,Suggested Duration Not Available,"75 Oliver Road, London E10 5LG England",Ratings Not Available,"['Leyton', 'Leyton Midland Road', 'Rental Cars']"
147,St Pancras Gardens,Suggested Duration Not Available,"St. Pancras Yacht Basin Camley Street, London N1C 4PN England",Ratings Not Available,"[""King's Cross St. Pancras"", 'Mornington Crescent', 'Rental Cars']"
148,Honor Oak Park,Suggested Duration Not Available,Address Not Available,Ratings Not Available,[]
149,Roundwood Park,Suggested Duration Not Available,"Harlesden Road, London NW10 3UN England",Ratings Not Available,"['Brondesbury Park', 'Wembley Central', 'Rental Cars']"
150,Smithfield Rotunda Garden,Suggested Duration Not Available,"West Smithfield, London EC1A 9DY England",Ratings Not Available,"['Barbican', 'Farringdon', 'Rental Cars']"
151,Three Mills and Queen Elizabeth Olympic Park,Suggested Duration Not Available,"3 Mills Studios Three Mill Lane Bromley by Bow, London E3 3DU England",Ratings Not Available,"['Bromley-by-Bow', 'Abbey Road', 'Rental Cars']"
152,Durand's Wharf,Suggested Duration Not Available,"604 Rotherhithe Street, London SE16 5GX England",Ratings Not Available,"['Canary Wharf', 'Westferry', 'Rental Cars']"
153,Cleary Garden,Suggested Duration Not Available,"Queen Victoria Street, London England",Ratings Not Available,"['Mansion House', ""St. Paul's"", 'Rental Cars']"
154,Highams Park,Suggested Duration Not Available,"Loxham Road, Chingford, London England",Ratings Not Available,"['Walthamstow Central', 'Blackhorse Road', 'Rental Cars']"
155,Bow Creek Ecology Park,Suggested Duration Not Available,"Bidder Street, London E16 9ST England",Ratings Not Available,"['Canning Town', 'Star Lane', 'Rental Cars']"
156,Highbury Fields,Suggested Duration Not Available,"Highbury Cres, London N5 1AR England",Ratings Not Available,"['Highbury & Islington', 'Highbury & Islington', 'Rental Cars']"
157,Bessborough Gardens,Suggested Duration Not Available,"Vauxhall Bridge Road Pimlico, London SW1V 2JE England",Ratings Not Available,"['Hyde Park Corner', 'Green Park', 'Rental Cars']"
158,Myatt's Fields Park,Suggested Duration Not Available,"Cormont Road, London SE5 9RA England",Ratings Not Available,"['Waterloo', 'Southwark', 'Rental Cars']"
159,Geraldine Mary Harmsworth Park,Suggested Duration Not Available,"Lambeth Road, London England",Ratings Not Available,"['Southwark', 'Waterloo', 'Rental Cars']"
160,Hanover Square,Suggested Duration Not Available,Address Not Available,Ratings Not Available,[]
161,Vauxhall Pleasure Gardens,Suggested Duration:< 1 hour,"Tyers Street, London SE11 5HL England",3.5,"['Waterloo', 'Southwark', 'Rental Cars']"
162,St Mary's Gardens,Suggested Duration Not Available,"5 Lambeth Palace Road, London SE1 7LB England",Ratings Not Available,"['Waterloo', 'Embankment', 'Rental Cars']"
163,Boma Garden Centre Ltd,Suggested Duration Not Available,"51-53 Islip Street, London NW5 2DL England",Ratings Not Available,"['Kentish Town', 'Kentish Town West', 'Rental Cars']"
164,Waterloo Millennium Green,Suggested Duration Not Available,"Baylis Road, London England",Ratings Not Available,"['Waterloo', 'Southwark', 'Rental Cars']"
165,Priory Park,Suggested Duration Not Available,"Priory Church Lane, London N17 7AA England",Ratings Not Available,"['Tottenham Hale', 'Seven Sisters', 'Rental Cars']"
166,Pymmes Park,Suggested Duration Not Available,"Silver Street, Victoria Road, London N9 9SU England",Ratings Not Available,"['Tottenham Hale', 'Wood Green', 'Rental Cars']"
167,Spa Fields Park,Suggested Duration Not Available,"Skinner Street Clerkenwell, London EC1 OHY England",Ratings Not Available,"['Farringdon', 'Barbican', 'Rental Cars']"
168,The Barbers' Physic Garden,Suggested Duration Not Available,"1 Monkwell Square, London EC2Y 5BL England",Ratings Not Available,"['Moorgate', 'Barbican', 'Rental Cars']"
169,Drury Lane Gardens,Suggested Duration Not Available,"Drury Lane, London WC2B 5TB England",Ratings Not Available,"['Covent Garden', 'Temple', 'Rental Cars']"
170,Barnes Green,Suggested Duration Not Available,"Barnes Green Day Centre Day Centre Church Road, London SW13 9HE England",Ratings Not Available,"['Stamford Brook', 'Ravenscourt Park', 'Rental Cars']"
171,The Jubilee Greenway,Suggested Duration Not Available,"44 Bloomfield Road Little Venice, London SE18 7JH England",Ratings Not Available,"['Woolwich Arsenal', 'King George V', 'Rental Cars']"
172,Canonbury Grove,Suggested Duration Not Available,"N1, London England",Ratings Not Available,"['Highbury & Islington', 'Highbury & Islington', 'Rental Cars']"
173,Woburn Square Garden,Suggested Duration Not Available,"13 Woburn Square, London WC1H 0NS England",Ratings Not Available,"['Russell Square', 'Goodge St', 'Rental Cars']"
174,The Tide,Suggested Duration:1-2 hours,"Pier Walk Greenwich Peninsula, London SE10 0ES England",4,"['North Greenwich', 'East India', 'Rental Cars']"
175,Stratford Park,Suggested Duration Not Available,"West Ham Lane, London E15 4PT England",Ratings Not Available,"['Stratford High St', 'Stratford', 'Rental Cars']"
176,Mayow Park,Suggested Duration Not Available,"Mayow Park Mayow Road, London SE26 4JA England",Ratings Not Available,[]
177,East Ham Nature Reserve,Suggested Duration Not Available,"Norman Road, London E6 4HN England",Ratings Not Available,"['Royal Albert', 'East Ham', 'Rental Cars']"
178,Bethnal Green Gardens,Suggested Duration Not Available,Address Not Available,Ratings Not Available,[]
179,Fitzroy Square,Suggested Duration Not Available,"Fitzrovia, London England",Ratings Not Available,"['Great Portland St', 'Warren St', 'Rental Cars']"
180,Sidmouth Park,Suggested Duration Not Available,"Sidmouth Road Leyton, London E11 3PA England",Ratings Not Available,"['Leyton', 'Leyton Midland Road', 'Rental Cars']"
181,Stamford Brook Common,Suggested Duration Not Available,"Stamford Brook Centre Stamford Brook Avenue A triangle of green space bounded by Southside and Stamford Brook Road, London W6 0YD England",Ratings Not Available,"['Stamford Brook', 'Turnham Green', 'Rental Cars']"
182,Play Base,Suggested Duration Not Available,"Royal Hospital Road, London SW3 4HT England",Ratings Not Available,"['Knightsbridge', 'Gloucester Road', 'Rental Cars']"
183,Weavers Fields,Suggested Duration Not Available,"Mape Street, London E2 6HD England",Ratings Not Available,"['Bethnal Green', 'Bethnal Green', 'Rental Cars']"
184,The London Ale Trail,Suggested Duration Not Available,"88-94 Kingsway, London WC2B 6AA England",5,"['Holborn', 'Covent Garden', 'Rental Cars']"
185,Old Church Garden,Suggested Duration Not Available,"W1 Marylebone High Street, London England",Ratings Not Available,"['Bond St', 'Baker St', 'Rental Cars']"
186,Bramford Gardens,Suggested Duration Not Available,"Old York Road, London SW18 England",Ratings Not Available,"['Putney Bridge', 'Parsons Green', 'Rental Cars']"
187,Royal Victoria Gardens,Suggested Duration Not Available,"1A Pier Road, London E16 2FH England",Ratings Not Available,"['King George V', 'Woolwich Arsenal', 'Rental Cars']"
188,WaterWorks Centre & Middlesex Filter Beds,Suggested Duration Not Available,"Lammas Road off Lea Bridge Road, London E10 7QB England",Ratings Not Available,"['Leyton Midland Road', 'Homerton', 'Rental Cars']"
189,Coulsdon Common,Suggested Duration Not Available,"Stites Hill Road, London N10 3HA England",Ratings Not Available,"['East Finchley', 'Bounds Green', 'Rental Cars']"
190,Brenchley Gardens Park,Suggested Duration Not Available,"Forest Hill Road 145A Brenchley Gardens, London SE23 3RF England",Ratings Not Available,"['Wapping', 'London Bridge', 'Rental Cars']"
191,East Ham Central park,Suggested Duration Not Available,"Central Park Road, London NW10 7FY England",Ratings Not Available,"['Upton Park', 'East Ham', 'Rental Cars']"
192,Ducketts Common,Suggested Duration Not Available,"Green Lanes, London N15 3EA England",Ratings Not Available,"['Turnpike Lane', 'Wood Green', 'Rental Cars']"
193,Kentish Town City Farm,Suggested Duration:1-2 hours,"1 Cressfield Close Off Grafton Road, London NW5 4BN England",3.5,"['Gospel Oak', 'Gospel Oak', 'Rental Cars']"
194,Millbank Gardens,Suggested Duration Not Available,"Behind Tate Britain, London England",Ratings Not Available,"['Waterloo', 'Embankment', 'Rental Cars']"
195,Crabtree Fields,Suggested Duration Not Available,"1 Colville Place, London W1T 2BG England",Ratings Not Available,"['Goodge St', 'Tottenham Court Road', 'Rental Cars']"
196,Compton Terrace Gardens,Suggested Duration Not Available,"Upper Street South of Highbury Corner, London N1 2UN England",Ratings Not Available,"['Highbury & Islington', 'Highbury & Islington', 'Rental Cars']"
197,Sussex Gardens Open Space,Suggested Duration Not Available,"227 Sussex Gardens, London W2 2RL England",Ratings Not Available,"['Lancaster Gate', 'Paddington', 'Rental Cars']"
198,Maryon Park,Suggested Duration Not Available,"Marian Hardwicke Road Charlton, London N13 4SL England",Ratings Not Available,"['Bounds Green', 'Arnos Grove', 'Rental Cars']"
199,Grovelands Park,Suggested Duration Not Available,"The Bourne, Southgate, London N14 6RA England",Ratings Not Available,"['Southgate', 'Arnos Grove', 'Rental Cars']"
200,Judd Street Open Space,Suggested Duration Not Available,"Flat 4 Bramber Cromer Street, London WC1H 8JS England",Ratings Not Available,"[""King's Cross St. Pancras"", 'Russell Square', 'Rental Cars']"
201,Lordship Recreation Ground,Suggested Duration Not Available,"Lordship Lane, London England",Ratings Not Available,"['Turnpike Lane', 'Wood Green', 'Rental Cars']"
202,St Mary's Secret Garden,Suggested Duration Not Available,"50 Pearson Street Hoxton, London E2 8EL England",Ratings Not Available,"['Hoxton', 'Haggerston', 'Rental Cars']"
203,Salopian Kitchen Garden,Suggested Duration:1-2 hours,"Hounslow, Isleworth 689 London Road, London TW7 4ES England",Ratings Not Available,"['Hounslow East', 'Osterley', 'Rental Cars']"
204,South Norwood Country Park,Suggested Duration Not Available,"South Norwood Country Park 132 Albert Road, London SE25 4JT England",Ratings Not Available,[]
205,Talbot Square Gardens,Suggested Duration Not Available,"Sussex Gardens, London England",Ratings Not Available,"['Paddington', 'Lancaster Gate', 'Rental Cars']"
206,St Andrew's Gardens,Suggested Duration Not Available,"256 Gray's Inn Road Wren St, London WC1X 8LD England",Ratings Not Available,"['Russell Square', 'Chancery Lane', 'Rental Cars']"
207,Tivoli Park,Suggested Duration Not Available,"Knights Hill, London England",Ratings Not Available,"['Morden', 'Rental Cars']"
208,St. Georges Square,Suggested Duration Not Available,"St. Georges Square Pimlico, London SW1V 3QY England",Ratings Not Available,"['Hyde Park Corner', 'Green Park', 'Rental Cars']"
